{
    "strategy_name": "multiple_tf_rsi",
    "params": {
      "roi": {
        "0": 1
      },
      "stoploss": {
        "stoploss": -0.15
      },
      "trailing": {
        "trailing_stop": true,
        "trailing_stop_positive": 0.02,
        "trailing_stop_positive_offset": 0.1,
        "trailing_only_offset_is_reached": true
      },
      "buy": {
        "buy_adx": 40,
        "buy_adx_short": 40,
        "buy_rsi15": 28,
        "buy_rsi15_short": 80,
        "buy_rsi5": 35,
        "buy_rsi5_short": 74
      },
      "sell": {},
      "protection": {}
    },
    "ft_stratparam_v": 1,
    "export_time": "2023-01-22 11:59:46.398897+00:00"
  }
  