<component name="ProjectRunConfigurationManager">
  <configuration default="false" name="MGM_SortinoHyperOptLoss" type="PythonConfigurationType" factoryName="Python" folderName="MoniGoMani - Hyper Opting" singleton="false">
    <module name="Freqtrade-MGM" />
    <option name="INTERPRETER_OPTIONS" value="" />
    <option name="PARENT_ENVS" value="true" />
    <envs>
      <env name="PYTHONUNBUFFERED" value="1" />
    </envs>
    <option name="SDK_HOME" value="$PROJECT_DIR$/.env/bin/python" />
    <option name="SDK_NAME" value="Python 3.9 (Freqtrade-MGM)" />
    <option name="WORKING_DIRECTORY" value="$PROJECT_DIR$/" />
    <option name="IS_MODULE_SDK" value="false" />
    <option name="ADD_CONTENT_ROOTS" value="true" />
    <option name="ADD_SOURCE_ROOTS" value="true" />
    <EXTENSION ID="PythonCoverageRunConfigurationExtension" runner="coverage.py" />
    <EXTENSION ID="net.ashald.envfile">
      <option name="IS_ENABLED" value="false" />
      <option name="IS_SUBST" value="false" />
      <option name="IS_PATH_MACRO_SUPPORTED" value="false" />
      <option name="IS_IGNORE_MISSING_FILES" value="false" />
      <option name="IS_ENABLE_EXPERIMENTAL_INTEGRATIONS" value="false" />
      <ENTRIES>
        <ENTRY IS_ENABLED="true" PARSER="runconfig" IS_EXECUTABLE="false" />
      </ENTRIES>
    </EXTENSION>
    <option name="SCRIPT_NAME" value="$PROJECT_DIR$/.env/bin/freqtrade" />
    <option name="PARAMETERS" value="hyperopt -s MoniGoManiHyperStrategy -c ./user_data/mgm-config.json -c ./user_data/mgm-config-private.json --hyperopt-loss MGM_SortinoHyperOptLoss --spaces all -e 1000 --timerange 20210501-20210616" />
    <option name="SHOW_COMMAND_LINE" value="false" />
    <option name="EMULATE_TERMINAL" value="true" />
    <option name="MODULE_MODE" value="false" />
    <option name="REDIRECT_INPUT" value="false" />
    <option name="INPUT_FILE" value="" />
    <method v="2" />
  </configuration>
</component>