Time,asks,bids,price
2017-12-05 14:49:00 UTC,3652633.06426149,4799748.13518804,11766.0
2017-12-05 14:50:00 UTC,3291593.05359479,5404837.70326613,11753.5
2017-12-05 14:51:00 UTC,3114340.96593668,5060723.17953106,11754.5
2017-12-05 14:52:00 UTC,3697960.83776683,5219592.0610174,11763.0
2017-12-05 14:53:00 UTC,3447716.59828268,4629353.12661415,11778.0
2017-12-05 14:54:00 UTC,4341390.13298697,4613679.58032969,11779.5
2017-12-05 14:55:00 UTC,3845635.22782256,5089022.66685899,11776.5
2017-12-05 14:56:00 UTC,3955350.27396126,5035614.22808961,11775.5
2017-12-05 14:57:00 UTC,4810119.90673914,4286378.61804442,11783.0
2017-12-05 14:58:00 UTC,3573120.71556498,5089324.08139725,11766.25
2017-12-05 15:00:00 UTC,3977998.94262858,5106778.68100885,11760.5
2017-12-05 15:01:00 UTC,3855762.38797264,5288881.11521993,11761.5
2017-12-05 15:02:00 UTC,2833954.50247132,4392371.84066749,11742.5
2017-12-05 15:03:00 UTC,3197392.97190099,4367647.1015946,11745.0
2017-12-05 15:04:00 UTC,2733259.28265785,4266844.65350951,11738.5
2017-12-05 15:05:00 UTC,3113624.35120243,4682841.3586761,11731.5
2017-12-05 15:06:00 UTC,3684707.5762291,5248863.66561312,11756.5
2017-12-05 15:07:00 UTC,4536193.3491547,5659308.4492002,11772.5
2017-12-05 15:08:00 UTC,5255107.3506854,6324313.31259128,11796.5
2017-12-05 15:09:00 UTC,5750780.95307246,5855040.25186018,11791.5
2017-12-05 15:10:00 UTC,6357851.53074152,5235281.64455358,11775.5
2017-12-05 15:11:00 UTC,6017920.193894,5521665.56045258,11775.5
2017-12-05 15:12:00 UTC,4728502.84017071,5468905.8463865,11779.5
2017-12-05 15:13:00 UTC,5392155.99214443,5091321.74939116,11791.0
2017-12-05 15:14:00 UTC,5168377.64998392,5112068.89668541,11796.0
2017-12-05 15:15:00 UTC,5613875.37140428,5092397.44723104,11799.5
2017-12-05 15:16:00 UTC,5720860.72208842,5577944.61366733,11813.0
2017-12-05 15:17:00 UTC,6103177.13669884,4992091.94535083,11819.5
2017-12-05 15:18:00 UTC,6095270.38432074,5180286.6637813,11816.0
2017-12-05 15:19:00 UTC,5530077.60726797,4649742.92567451,11798.0
2017-12-05 15:20:00 UTC,4862279.72707287,5082309.03462054,11785.0
2017-12-05 15:21:00 UTC,4938190.74495683,5388814.94425421,11787.0
2017-12-05 15:22:00 UTC,4973193.26010378,5416430.58692512,11792.0
2017-12-05 15:23:00 UTC,5349476.96551286,5228838.77192525,11787.75
2017-12-05 15:24:00 UTC,4354480.60694957,5183712.05881242,11787.0
2017-12-05 15:25:00 UTC,3432385.82559511,5644739.03225901,11776.0
2017-12-05 15:26:00 UTC,3492575.50552639,5811184.10282396,11776.5
2017-12-05 15:27:00 UTC,3599273.16379921,5695754.71239055,11778.5
2017-12-05 15:28:00 UTC,3648337.96828604,5420488.31793349,11779.5
2017-12-05 15:29:00 UTC,3445929.86751934,6020943.86839503,11779.0
2017-12-05 15:30:00 UTC,3996553.35998213,6244275.35032531,11776.5
2017-12-05 15:31:00 UTC,4369141.21456079,5746062.74520323,11775.5
2017-12-05 15:32:00 UTC,4081328.46250294,6181098.58237767,11773.5
2017-12-05 15:33:00 UTC,3942287.93842318,6106742.85181904,11773.5
2017-12-05 15:34:00 UTC,3647122.01205047,5725563.48037503,11776.5
2017-12-05 15:35:00 UTC,3552686.54965317,5654741.6538752,11776.5
2017-12-05 15:36:00 UTC,3523531.86395985,5762037.49131178,11775.0
2017-12-05 15:37:00 UTC,3663649.60564766,4783416.52804312,11779.0
2017-12-05 15:38:00 UTC,3374614.36598877,5313855.62409782,11776.0
2017-12-05 15:39:00 UTC,3822425.48074245,4521882.89988591,11773.5
2017-12-05 15:40:00 UTC,3782368.41254894,5551228.3768534,11773.5
2017-12-05 15:41:00 UTC,3689996.63339384,5519585.62934197,11773.5
2017-12-05 15:42:00 UTC,4195940.00072304,5368803.31535094,11776.0
2017-12-05 15:43:00 UTC,4375069.6116446,4874666.51139624,11798.5
2017-12-05 15:44:00 UTC,6512293.94311398,3730998.45096999,11844.5
2017-12-05 15:45:00 UTC,6646287.35144235,3721453.11992378,11858.5
2017-12-05 15:46:00 UTC,6176894.52143065,4186001.03680915,11844.5
2017-12-05 15:47:00 UTC,5493707.49453716,4507993.26915091,11831.5
2017-12-05 15:48:00 UTC,5590247.99282857,4226979.1674594,11839.75
2017-12-05 15:49:00 UTC,4920861.23687078,4338527.78892437,11821.5
2017-12-05 15:50:00 UTC,4693947.99122612,5286045.33104145,11803.0
2017-12-05 15:51:00 UTC,4668058.95789253,4811856.62707049,11806.0
2017-12-05 15:52:00 UTC,4765962.07982711,5290138.41844212,11808.5
2017-12-05 15:53:00 UTC,4496717.72942786,5150797.42245479,11810.5
2017-12-05 15:54:00 UTC,5155233.41246787,4972571.53678971,11815.5
2017-12-05 15:55:00 UTC,5080793.02267877,4370400.90676937,11817.0
2017-12-05 15:56:00 UTC,5297549.14808949,5536082.34667479,11813.5
2017-12-05 15:57:00 UTC,5577476.07507334,5211491.1663221,11815.5
2017-12-05 15:58:00 UTC,5111766.28971265,5520233.68001225,11811.5
2017-12-05 15:59:00 UTC,5079657.32558542,5362601.16532014,11799.5
2017-12-05 16:00:00 UTC,4019765.2617232,5159050.82112046,11773.0
2017-12-05 16:01:00 UTC,3440920.10644761,5638093.91764447,11743.0
2017-12-05 16:02:00 UTC,2811313.72484923,4462381.0988191,11700.5
2017-12-05 16:03:00 UTC,1669046.23906702,5660776.13886093,11598.0
2017-12-05 16:04:00 UTC,2318025.00380192,5413619.26374844,11591.5
2017-12-05 16:05:00 UTC,2803447.84738219,4893769.548366,11634.5
2017-12-05 16:06:00 UTC,2957188.52180099,4966814.73638337,11652.0
2017-12-05 16:07:00 UTC,3861811.18223448,4297621.05188756,11682.0
2017-12-05 16:08:00 UTC,3519874.18804862,4214308.9275602,11680.0
2017-12-05 16:09:00 UTC,3001077.77818095,5391884.16693538,11651.0
2017-12-05 16:10:00 UTC,3499093.96419295,4752990.49240627,11664.5
2017-12-05 16:11:00 UTC,4024159.12694622,4098098.60214294,11691.5
2017-12-05 16:12:00 UTC,3867774.97739557,3757789.69868709,11689.0
2017-12-05 16:13:00 UTC,3677139.22653224,4305716.59024586,11693.5
2017-12-05 16:14:00 UTC,4354939.96303545,4038015.0858699,11704.5
2017-12-05 16:15:00 UTC,4640559.64986725,4759090.0814835,11670.25
2017-12-05 16:16:00 UTC,4486520.87653747,4867614.45003184,11661.0
2017-12-05 16:17:00 UTC,4243421.5869987,4936725.38932259,11672.5
2017-12-05 16:18:00 UTC,4468515.64412575,4914164.5817355,11678.5
2017-12-05 16:19:00 UTC,4980743.27159302,4874450.91083758,11687.5
2017-12-05 16:20:00 UTC,4321641.29375134,5127011.14059467,11675.0
2017-12-05 16:21:00 UTC,4435545.53911843,5220594.01606701,11672.5
2017-12-05 16:22:00 UTC,4340065.04203714,5179221.86130652,11678.5
2017-12-05 16:23:00 UTC,5044333.67638989,4137973.31466175,11695.0
2017-12-05 16:24:00 UTC,4710989.14327659,4255851.61120748,11697.5
2017-12-05 16:25:00 UTC,4957120.19801938,4311924.23012909,11695.5
2017-12-05 16:26:00 UTC,4969722.5704375,4645792.6100839,11687.5
2017-12-05 16:27:00 UTC,5129071.00248589,4234920.61921125,11689.5
2017-12-05 16:28:00 UTC,4887026.60574452,4699848.60572126,11690.5
2017-12-05 16:29:00 UTC,5596993.74791498,4730359.89554619,11691.5
2017-12-05 16:30:00 UTC,5743949.11532427,4847964.65488924,11690.5
2017-12-05 16:31:00 UTC,5849895.63495121,4643062.82427022,11688.5
2017-12-05 16:32:00 UTC,5285467.59932666,4822260.6440274,11678.5
2017-12-05 16:33:00 UTC,3316562.23305188,3531301.78195593,11598.75
2017-12-05 16:34:00 UTC,2848603.98276355,6789178.48994753,11499.5
2017-12-05 16:35:00 UTC,2416193.28362067,3044912.85127725,11518.0
2017-12-05 16:36:00 UTC,2779552.54272169,2970933.9195441,11551.0
2017-12-05 16:37:00 UTC,3203889.62767734,3580473.94400488,11570.5
2017-12-05 16:38:00 UTC,3732127.5296651,3813478.3802224,11586.5
2017-12-05 16:39:00 UTC,3832199.41319275,3972121.86008936,11581.0
2017-12-05 16:40:00 UTC,3971989.79031302,4532430.64971661,11582.5
2017-12-05 16:41:00 UTC,4343353.36245059,4907557.2925571,11595.5
2017-12-05 16:42:00 UTC,4561372.20001664,4725486.01976803,11602.5
2017-12-05 16:43:00 UTC,3118881.4527952,4268952.2201906,11621.5
2017-12-05 16:44:00 UTC,4881366.95945667,2790666.05803378,11665.5
2017-12-05 16:45:00 UTC,4143827.71174292,4379766.22827077,11628.5
2017-12-05 16:46:00 UTC,4258772.0125484,5550127.10614978,11610.75
2017-12-05 16:47:00 UTC,4628986.02571041,5469369.10869339,11611.5
2017-12-05 16:48:00 UTC,4351945.85292538,5597510.74172322,11619.0
2017-12-05 16:49:00 UTC,4235082.84483242,5687868.54092253,11610.5
2017-12-05 16:50:00 UTC,3341519.08181405,5076484.56399869,11580.0
2017-12-05 16:51:00 UTC,4359293.52731285,4942958.43292894,11589.5
2017-12-05 16:52:00 UTC,4047536.88027761,3829980.10486371,11587.0
2017-12-05 16:53:00 UTC,2814454.53149623,3760900.60383461,11566.0
2017-12-05 16:54:00 UTC,3515296.08773767,3701705.98923142,11596.5
2017-12-05 16:55:00 UTC,3195347.5317842,4709809.9714239,11593.5
2017-12-05 16:56:00 UTC,3512272.11331184,5595147.3549095,11595.0
2017-12-05 16:57:00 UTC,3560862.63539568,5607700.59613395,11608.5
2017-12-05 16:58:00 UTC,3380237.75984446,5713011.34602714,11609.5
2017-12-05 16:59:00 UTC,4165583.93295855,6230138.5531061,11604.5
2017-12-05 17:00:00 UTC,4513129.02641967,6483294.80963431,11596.5
2017-12-05 17:01:00 UTC,4983800.34383966,4978554.3598283,11591.5
2017-12-05 17:02:00 UTC,6411331.30143537,6129837.98552693,11597.0
2017-12-05 17:03:00 UTC,8570432.65217599,6270262.21718586,11597.5
2017-12-05 17:04:00 UTC,13475245.9781804,6540272.85189073,11595.5
2017-12-05 17:05:00 UTC,13902307.9096333,5713007.9403392,11592.0
2017-12-05 17:06:00 UTC,7083823.24394781,2791872.93730982,11586.0
2017-12-05 17:07:00 UTC,7550053.02524278,3469245.5443228,11583.0
2017-12-05 17:08:00 UTC,2795283.30959075,3270241.56008599,11595.0
2017-12-05 17:09:00 UTC,3531173.64666848,2849470.29089423,11608.5
2017-12-05 17:10:00 UTC,4484864.76042524,3265467.13038968,11652.5
2017-12-05 17:11:00 UTC,4819479.64997659,3388213.72632049,11661.5
2017-12-05 17:12:00 UTC,4242025.32756072,3040541.63402159,11667.0
2017-12-05 17:13:00 UTC,4869610.77463053,2780130.72680923,11674.5
2017-12-05 17:14:00 UTC,4633786.38478007,3032051.54819858,11673.75
2017-12-05 17:15:00 UTC,4818088.2956201,2596858.2481031,11683.0
2017-12-05 17:16:00 UTC,4562375.06453272,2100483.77173258,11681.0
2017-12-05 17:17:00 UTC,5138575.15266833,2426808.92282535,11684.0
2017-12-05 17:18:00 UTC,5095843.05349095,2294498.11420185,11702.5
2017-12-05 17:19:00 UTC,4930583.17553863,2631763.66988322,11719.5
2017-12-05 17:20:00 UTC,5730274.50265242,2667052.37065194,11729.5
2017-12-05 17:21:00 UTC,6148061.44166163,2956344.309842,11736.5
2017-12-05 17:22:00 UTC,5921674.8525439,2894275.29529946,11741.5
2017-12-05 17:23:00 UTC,5863155.09208839,2708751.50397947,11727.5
2017-12-05 17:24:00 UTC,5869302.16828317,2572778.72422495,11715.5
2017-12-05 17:25:00 UTC,5629766.72757469,2607390.4170663,11707.75
2017-12-05 17:26:00 UTC,5204970.77838941,3204843.39117361,11704.5
2017-12-05 17:27:00 UTC,5471899.6714751,2854707.43318081,11701.5
2017-12-05 17:28:00 UTC,5330873.03986403,2766955.06486669,11703.5
2017-12-05 17:29:00 UTC,5029172.63555125,3126435.41870657,11696.5
2017-12-05 17:30:00 UTC,4811735.25840942,2958875.81636122,11699.0
2017-12-05 17:31:00 UTC,5203950.80951221,2908299.19206312,11709.0
2017-12-05 17:32:00 UTC,4927746.89867488,3095298.22952263,11693.0
2017-12-05 17:33:00 UTC,4284621.36169012,3241169.79657161,11679.5
2017-12-05 17:34:00 UTC,4756783.97670007,3424570.8175466,11674.5
2017-12-05 17:35:00 UTC,4686964.47456796,3099115.31747657,11689.5
2017-12-05 17:36:00 UTC,4596315.74337237,3150311.551927,11696.0
2017-12-05 17:37:00 UTC,5038850.62195794,3078781.69362373,11692.0
2017-12-05 17:38:00 UTC,4969135.36257434,3034956.88371723,11685.5
2017-12-05 17:39:00 UTC,4446268.24543722,3167035.6098608,11693.5
2017-12-05 17:40:00 UTC,4434707.79704202,2947907.10706506,11687.5
2017-12-05 17:41:00 UTC,4841208.80538009,3073489.94427224,11691.0
2017-12-05 17:42:00 UTC,5113372.4262299,3030085.30255379,11695.5
2017-12-05 17:43:00 UTC,4848692.93524843,2969425.77780136,11693.25
2017-12-05 17:44:00 UTC,5309319.50584695,2882692.93537859,11705.0
2017-12-05 17:45:00 UTC,5796214.95535997,2850161.35912534,11698.5
2017-12-05 17:46:00 UTC,5669034.91071457,2984027.37083113,11694.5
2017-12-05 17:47:00 UTC,5694735.96355588,2928004.97821028,11697.5
2017-12-05 17:48:00 UTC,6003544.77308402,2750613.35176674,11704.0
2017-12-05 17:49:00 UTC,5985786.60273374,2994280.8712176,11700.5
2017-12-05 17:50:00 UTC,5650506.04453919,2959810.54854877,11700.75
2017-12-05 17:51:00 UTC,5507841.42926839,2755779.73677374,11696.5
2017-12-05 17:52:00 UTC,8254610.75554941,3030949.4005734,11690.0
2017-12-05 17:53:00 UTC,4509563.18444628,3442301.74961658,11665.5
2017-12-05 17:54:00 UTC,4301165.84765586,3585630.52121531,11664.5
2017-12-05 17:55:00 UTC,4231532.05996424,3216557.3250554,11662.0
2017-12-05 17:56:00 UTC,3834271.79309995,3340730.97185041,11640.25
2017-12-05 17:57:00 UTC,3425068.18528938,3775901.13708897,11630.5
2017-12-05 17:58:00 UTC,2778221.75498164,4099695.84907918,11618.5
2017-12-05 17:59:00 UTC,2788054.23520452,4029937.74597695,11619.5
2017-12-05 18:00:00 UTC,2520348.5439776,5068737.52062243,11615.5
2017-12-05 18:01:00 UTC,2678853.006586,4924500.56847112,11603.5
2017-12-05 18:02:00 UTC,2619323.65408175,4146221.06554222,11617.5
2017-12-05 18:03:00 UTC,3222835.20256164,4219644.21619187,11631.0
2017-12-05 18:04:00 UTC,4358104.88055719,3096522.55842152,11664.0
2017-12-05 18:05:00 UTC,4679954.87185537,3126066.45954411,11680.5
2017-12-05 18:06:00 UTC,4581022.71543808,3481257.30422239,11667.5
2017-12-05 18:07:00 UTC,3968074.09485881,3596315.15095737,11662.0
2017-12-05 18:08:00 UTC,4457566.96639873,3357305.4912274,11676.25
2017-12-05 18:09:00 UTC,4756702.39039092,3588763.8482279,11672.0
2017-12-05 18:10:00 UTC,5069476.55765423,3450019.7020418,11676.5
2017-12-05 18:11:00 UTC,6414829.88908633,3141869.86573948,11692.5
2017-12-05 18:12:00 UTC,6254717.92828978,2994042.60845405,11697.0
2017-12-05 18:13:00 UTC,4565632.03700695,3495059.85293105,11680.0
2017-12-05 18:14:00 UTC,4599188.68067591,3491067.15975923,11670.25
2017-12-05 18:15:00 UTC,4745188.24841005,3438304.0079554,11677.5
2017-12-05 18:16:00 UTC,4370803.68634997,3235782.73574105,11659.5
2017-12-05 18:17:00 UTC,4589700.05648953,3608212.77607468,11663.5
2017-12-05 18:18:00 UTC,4285332.84573044,3603694.85473223,11662.5
2017-12-05 18:19:00 UTC,4210373.97987965,3666400.89539168,11654.5
2017-12-05 18:20:00 UTC,4281639.30314752,4079548.36361986,11651.5
2017-12-05 18:21:00 UTC,4235872.65804528,3792682.44171532,11648.0
2017-12-05 18:22:00 UTC,4125783.18920394,4051051.84995229,11654.0
2017-12-05 18:23:00 UTC,4387462.15464957,3511981.68425981,11659.0
2017-12-05 18:24:00 UTC,4627740.14821722,4117476.48719791,11671.5
2017-12-05 18:25:00 UTC,4732580.87914648,3827360.0160807,11668.5
2017-12-05 18:26:00 UTC,4206383.31549213,4273021.17543976,11662.0
2017-12-05 18:27:00 UTC,4627784.70466242,4119592.74032938,11663.5
2017-12-05 18:28:00 UTC,4355320.65731164,4358986.62182852,11658.75
2017-12-05 18:29:00 UTC,4675056.34340387,4137953.66888337,11668.5
2017-12-05 18:30:00 UTC,4392122.89551004,4221006.744907,11658.5
2017-12-05 18:31:00 UTC,4255134.28575312,4092817.06145643,11662.0
2017-12-05 18:32:00 UTC,4545893.73470568,4349478.02175252,11658.5
2017-12-05 18:33:00 UTC,4455866.79390408,4400808.4811098,11656.0
2017-12-05 18:34:00 UTC,4546554.63164329,4466233.58757276,11657.5
2017-12-05 18:35:00 UTC,4243496.22411581,4597785.55962378,11656.5
2017-12-05 18:36:00 UTC,4220353.78379926,4634146.40337246,11658.5
2017-12-05 18:37:00 UTC,4143422.79314073,4396261.7950083,11659.5
2017-12-05 18:38:00 UTC,4172049.48293307,4946425.36098844,11656.0
2017-12-05 18:39:00 UTC,3948079.61586862,4723188.59319336,11637.5
2017-12-05 18:40:00 UTC,2873473.61157744,5286813.49079496,11629.5
2017-12-05 18:41:00 UTC,4355444.71741166,4717463.34073849,11655.75
2017-12-05 18:42:00 UTC,4370316.94281447,4401870.98619718,11664.5
2017-12-05 18:43:00 UTC,5070953.9715255,4332560.79336366,11674.5
2017-12-05 18:44:00 UTC,5111769.77896657,3832582.21481811,11680.0
2017-12-05 18:45:00 UTC,5117968.9785782,4191037.33100185,11679.5
2017-12-05 18:46:00 UTC,6286288.72039619,3927532.91952995,11683.0
2017-12-05 18:47:00 UTC,4990020.48584557,4176650.10480351,11680.5
2017-12-05 18:48:00 UTC,6217760.00910518,3784742.90288485,11687.75
2017-12-05 18:49:00 UTC,6208371.96840766,3688233.67689392,11686.5
2017-12-05 18:50:00 UTC,6253254.65130454,4029850.88176932,11684.5
2017-12-05 18:51:00 UTC,6273368.76082441,3901551.08707298,11686.5
2017-12-05 18:52:00 UTC,6093434.06539617,4026598.02983408,11685.5
2017-12-05 18:53:00 UTC,6116096.72423024,4072528.61843519,11685.5
2017-12-05 18:54:00 UTC,5626061.17058169,4141437.83122772,11683.0
2017-12-05 18:55:00 UTC,6330687.64622163,3947064.31194631,11684.5
2017-12-05 18:56:00 UTC,6174712.7281002,3399165.33907356,11687.5
2017-12-05 18:57:00 UTC,6501842.82240839,3967747.62474779,11684.5
2017-12-05 18:58:00 UTC,6416336.91011084,3982833.04410291,11684.5
2017-12-05 18:59:00 UTC,6037020.67297187,4320282.8837919,11683.5
2017-12-05 19:00:00 UTC,6076563.93115615,4043400.90855755,11689.5
2017-12-05 19:01:00 UTC,6158592.01762406,3996945.67700713,11689.5
2017-12-05 19:02:00 UTC,5938617.37285855,4116242.87459258,11688.5
2017-12-05 19:03:00 UTC,6424888.39036382,4087466.51491012,11700.0
2017-12-05 19:04:00 UTC,5829114.78191876,4025182.49165513,11712.0
2017-12-05 19:05:00 UTC,5899476.43777028,3937449.90805063,11714.0
2017-12-05 19:06:00 UTC,5784208.82383971,3829125.63901528,11712.0
2017-12-05 19:07:00 UTC,5178106.00709859,3421902.70142396,11715.5
2017-12-05 19:08:00 UTC,5774220.85517006,3322395.16927269,11715.5
2017-12-05 19:09:00 UTC,5427666.65899762,3304826.87492829,11717.5
2017-12-05 19:10:00 UTC,5415018.4736513,3188371.52718558,11712.5
2017-12-05 19:11:00 UTC,5364676.49490763,3183362.32609193,11715.0
2017-12-05 19:12:00 UTC,6168634.31351315,3791278.42543309,11721.75
2017-12-05 19:13:00 UTC,5821806.65891689,3883735.74497425,11712.5
2017-12-05 19:14:00 UTC,5756465.84183805,4450565.5544967,11709.5
2017-12-05 19:15:00 UTC,6241764.3162024,4290480.15882884,11713.0
2017-12-05 19:16:00 UTC,6051144.29238078,3926685.8929057,11723.5
2017-12-05 19:17:00 UTC,6136912.60518847,4098367.20546344,11721.5
2017-12-05 19:18:00 UTC,5546151.68349642,4121570.2990587,11703.25
2017-12-05 19:19:00 UTC,5763285.81310259,4134172.78657897,11687.5
2017-12-05 19:20:00 UTC,5579143.76394783,4430013.78282452,11682.5
2017-12-05 19:21:00 UTC,4907570.40246115,4482074.55955845,11676.0
2017-12-05 19:22:00 UTC,5849449.44464825,3974760.85291587,11689.0
2017-12-05 19:23:00 UTC,5961110.62110249,4163773.08739917,11690.0
2017-12-05 19:24:00 UTC,5505599.64600706,3848215.08874047,11687.5
2017-12-05 19:25:00 UTC,5642862.5338742,4357189.9418799,11683.5
2017-12-05 19:26:00 UTC,5592303.14362719,4454743.74478153,11684.5
2017-12-05 19:27:00 UTC,5923064.00546855,4306566.34747288,11698.5
2017-12-05 19:28:00 UTC,5970132.8677631,3714214.55507002,11708.0
2017-12-05 19:29:00 UTC,6528065.25731059,2864172.34822689,11729.5
2017-12-05 19:30:00 UTC,6406010.59544632,3023499.22280773,11731.5
2017-12-05 19:31:00 UTC,6541607.89142778,3346345.68540582,11726.75
2017-12-05 19:32:00 UTC,6332462.07284911,2965925.23605926,11734.5
2017-12-05 19:33:00 UTC,5670172.60913461,2918073.42225356,11749.5
2017-12-05 19:34:00 UTC,5493127.49780977,2892544.27131714,11759.5
2017-12-05 19:35:00 UTC,5191236.0287478,3424358.08766389,11739.5
2017-12-05 19:36:00 UTC,5742593.62677475,2874205.81233889,11747.5
2017-12-05 19:37:00 UTC,5349135.775972,2885038.45954251,11740.0
2017-12-05 19:38:00 UTC,5343213.14012863,2944189.52858495,11735.5
2017-12-05 19:39:00 UTC,5541214.25947463,3566656.52168744,11725.0
2017-12-05 19:40:00 UTC,5299232.544581,3966340.89772125,11716.5
2017-12-05 19:41:00 UTC,5047974.90058389,3647671.13873308,11719.5
2017-12-05 19:42:00 UTC,5247934.30713954,4202406.54128288,11717.5
2017-12-05 19:43:00 UTC,4980352.71350278,4140949.31234015,11723.0
2017-12-05 19:44:00 UTC,5172861.42474492,3877604.68003152,11719.0
2017-12-05 19:45:00 UTC,5108972.13971015,3918415.19308268,11719.5
2017-12-05 19:46:00 UTC,5370774.15322434,3206944.07017219,11741.5
2017-12-05 19:47:00 UTC,5951351.68150397,2783668.35703739,11749.5
2017-12-05 19:48:00 UTC,5347877.88590104,2871106.09077314,11736.5
2017-12-05 19:49:00 UTC,4971401.03394308,4011298.11088906,11723.5
2017-12-05 19:50:00 UTC,5038064.81364932,4158710.15661516,11716.5
2017-12-05 19:51:00 UTC,5370405.68056061,4341775.56603931,11723.25
2017-12-05 19:52:00 UTC,5269189.49866378,4301130.67508461,11689.5
2017-12-05 19:53:00 UTC,3310449.53128705,4808197.57923107,11659.5
2017-12-05 19:54:00 UTC,2940580.41207516,4759024.4561556,11655.5
2017-12-05 19:55:00 UTC,3529165.50032843,4609655.35827232,11675.5
2017-12-05 19:56:00 UTC,5481343.15175839,3746419.87941413,11694.5
2017-12-05 19:57:00 UTC,5206066.69992602,4243370.20605164,11690.25
2017-12-05 19:58:00 UTC,5069334.71405235,4088017.85975786,11689.5
2017-12-05 19:59:00 UTC,4879609.844115,4377554.82221341,11689.5
2017-12-05 20:00:00 UTC,4765708.19142179,4187741.94802988,11711.0
2017-12-05 20:01:00 UTC,4821021.85678026,4195634.46704736,11706.0
2017-12-05 20:02:00 UTC,5108885.55295733,4013385.92151302,11696.0
2017-12-05 20:03:00 UTC,5017442.30942933,3843445.09149288,11705.0
2017-12-05 20:04:00 UTC,5379622.95746545,3466278.15140923,11719.0
2017-12-05 20:05:00 UTC,5658046.55121691,3414626.03890877,11719.5
2017-12-05 20:06:00 UTC,5735073.86286873,3340408.32084822,11719.5
2017-12-05 20:07:00 UTC,5279287.97954982,3802663.77525923,11706.5
2017-12-05 20:08:00 UTC,5028242.78335827,3945869.60564592,11704.5
2017-12-05 20:09:00 UTC,5301877.72920974,3592936.3691266,11715.75
2017-12-05 20:10:00 UTC,5139338.46743026,3747307.13607922,11705.5
2017-12-05 20:11:00 UTC,5240659.65872574,4159906.9376004,11701.5
2017-12-05 20:12:00 UTC,5517701.07177621,3413338.9279781,11719.5
2017-12-05 20:13:00 UTC,5842331.22304284,3905744.55302276,11706.5
2017-12-05 20:14:00 UTC,5683727.07694563,4449442.29497612,11701.5
2017-12-05 20:15:00 UTC,5630598.29372945,3397224.65238463,11714.0
2017-12-05 20:16:00 UTC,5697993.35264414,3617479.03387015,11711.75
2017-12-05 20:17:00 UTC,5607006.72225813,3744249.53857369,11705.0
2017-12-05 20:18:00 UTC,5314229.17990983,3742185.63309728,11707.5
2017-12-05 20:19:00 UTC,5776898.40927362,3902466.09631186,11693.5
2017-12-05 20:20:00 UTC,5714318.23747443,3591403.70269851,11718.5
2017-12-05 20:21:00 UTC,5630439.03363781,3039316.40532418,11744.0
2017-12-05 20:22:00 UTC,4934155.76036859,2977709.19975274,11748.25
2017-12-05 20:23:00 UTC,4914222.78477727,2863797.04281082,11745.5
2017-12-05 20:24:00 UTC,4503397.37146589,2609357.93163568,11756.5
2017-12-05 20:25:00 UTC,4557361.55124352,2971338.4886796,11743.0
2017-12-05 20:26:00 UTC,4780841.68361723,2702543.66585823,11754.5
2017-12-05 20:27:00 UTC,4832993.62416832,2832048.49416371,11751.0
2017-12-05 20:28:00 UTC,4717436.46857195,2830185.14154552,11751.0
2017-12-05 20:29:00 UTC,4754535.2300126,3068452.76684924,11750.5
2017-12-05 20:30:00 UTC,4914390.92290523,3266196.61369366,11766.5
2017-12-05 20:31:00 UTC,5059359.6951154,3386146.82035502,11763.0
2017-12-05 20:32:00 UTC,4911539.05904629,3407000.5552774,11756.5
2017-12-05 20:33:00 UTC,5175137.23041139,3166645.93210863,11770.5
2017-12-05 20:34:00 UTC,6088086.59627995,3262176.81373386,11788.0
2017-12-05 20:35:00 UTC,6335796.5322375,3209809.13671952,11785.0
2017-12-05 20:36:00 UTC,6438902.34342252,3047948.56063569,11789.5
2017-12-05 20:37:00 UTC,7144728.80146341,3105276.01750122,11777.0
2017-12-05 20:38:00 UTC,7282036.19332635,3305120.67469681,11760.0
2017-12-05 20:39:00 UTC,7098209.68138524,3406504.29578468,11756.5
2017-12-05 20:40:00 UTC,7183212.33770761,3398633.87046306,11754.0
2017-12-05 20:41:00 UTC,6479177.57638577,3391786.79349591,11749.25
2017-12-05 20:42:00 UTC,5772109.68386384,3475801.19758514,11750.5
2017-12-05 20:43:00 UTC,6624608.36090363,3427549.12506536,11753.5
2017-12-05 20:44:00 UTC,9538048.47831504,3316907.85389949,11761.5
2017-12-05 20:45:00 UTC,7031248.40814334,3313098.76977247,11748.0
2017-12-05 20:46:00 UTC,7492948.32268532,3587637.29342331,11746.0
2017-12-05 20:47:00 UTC,7340200.67495056,3410796.79302794,11735.5
2017-12-05 20:48:00 UTC,7586507.36004235,3453676.58566813,11741.0
2017-12-05 20:49:00 UTC,7842634.18220865,3419391.62400367,11744.5
2017-12-05 20:50:00 UTC,7601915.03917312,3355839.62391163,11741.5
2017-12-05 20:51:00 UTC,7694400.82618232,3263140.06023982,11734.5
2017-12-05 20:52:00 UTC,7720154.69027506,3259534.14823726,11735.5
2017-12-05 20:53:00 UTC,7572796.89472041,3403827.10356425,11731.5
2017-12-05 20:54:00 UTC,7941640.19067004,3222672.91664611,11733.5
2017-12-05 20:55:00 UTC,7306383.08362433,3152600.10101494,11732.5
2017-12-05 20:56:00 UTC,6562761.00117808,3085460.49415462,11729.5
2017-12-05 20:57:00 UTC,6070022.52254435,4148076.44827784,11717.5
2017-12-05 20:58:00 UTC,6040965.71359019,4493391.16297993,11717.5
2017-12-05 20:59:00 UTC,6138555.7439358,4691710.49000138,11713.5
2017-12-05 21:00:00 UTC,5673390.32232166,4743684.35414401,11704.0
2017-12-05 21:01:00 UTC,4145397.00242911,4481021.10665687,11679.5
2017-12-05 21:02:00 UTC,5859447.13025962,4321274.47694195,11693.5
2017-12-05 21:03:00 UTC,5817959.95169343,4448647.97025488,11692.0
2017-12-05 21:04:00 UTC,6086713.73757971,4290476.20368739,11694.5
2017-12-05 21:05:00 UTC,6211610.69812087,4466614.40043769,11716.5
2017-12-05 21:06:00 UTC,6929911.58693099,3821789.00933645,11721.5
2017-12-05 21:07:00 UTC,6628149.64581117,4191638.18419386,11721.0
2017-12-05 21:08:00 UTC,6608922.94798248,4348716.35745627,11717.25
2017-12-05 21:09:00 UTC,6118496.07688011,4146066.39458156,11704.5
2017-12-05 21:10:00 UTC,6715193.95882593,3875182.00579566,11709.0
2017-12-05 21:11:00 UTC,6149776.22171368,3994920.5403416,11714.5
2017-12-05 21:12:00 UTC,6892768.47030456,4105442.82801073,11716.5
2017-12-05 21:13:00 UTC,6681592.59072042,3891883.45386066,11714.5
2017-12-05 21:14:00 UTC,6772169.29633589,3674428.48299964,11717.0
2017-12-05 21:15:00 UTC,6626611.5871128,4216588.45239079,11713.5
2017-12-05 21:16:00 UTC,6453969.92283253,4168421.3144721,11714.0
2017-12-05 21:17:00 UTC,6227813.02503228,4126083.8809045,11705.5
2017-12-05 21:18:00 UTC,6835357.20370104,3793942.04880481,11717.5
2017-12-05 21:19:00 UTC,6617098.01634512,3909532.35858971,11714.5
2017-12-05 21:20:00 UTC,6389621.66256533,4277319.56221931,11703.5
2017-12-05 21:21:00 UTC,6429725.18003457,4344568.27232591,11703.0
2017-12-05 21:22:00 UTC,6508829.3984007,4605624.63935989,11700.0
2017-12-05 21:23:00 UTC,5875528.59862356,4639674.45396728,11687.0
2017-12-05 21:24:00 UTC,6637672.0383128,4286996.23474799,11687.5
2017-12-05 21:25:00 UTC,6491824.99444529,4302014.9261725,11694.0
2017-12-05 21:26:00 UTC,5574778.95995969,5177810.6169796,11682.5
2017-12-05 21:27:00 UTC,6408560.33413499,4569449.73106482,11700.0
2017-12-05 21:28:00 UTC,6589868.24482001,4360790.74079846,11703.5
2017-12-05 21:29:00 UTC,6343906.43896114,4381918.09016683,11695.5
2017-12-05 21:30:00 UTC,6288050.09614234,4424207.77782049,11693.5
2017-12-05 21:31:00 UTC,6484412.51110523,4263017.26458083,11706.5
2017-12-05 21:32:00 UTC,6742122.10302814,4220737.95080406,11709.5
2017-12-05 21:33:00 UTC,7003173.33098169,4037582.44998008,11713.5
2017-12-05 21:34:00 UTC,7065701.44250273,4157597.02060617,11704.5
2017-12-05 21:35:00 UTC,6777034.73757694,4187681.8118426,11703.5
2017-12-05 21:36:00 UTC,6981216.41458168,4306163.66536462,11706.0
2017-12-05 21:37:00 UTC,7073419.43394973,4273001.39531167,11699.5
2017-12-05 21:38:00 UTC,6867907.50158948,4361773.28254669,11700.0
2017-12-05 21:39:00 UTC,6569724.63593236,4186454.98254087,11697.75
2017-12-05 21:40:00 UTC,6755512.7920592,4094984.04676477,11705.0
2017-12-05 21:41:00 UTC,6798506.41540582,3811917.21843873,11715.5
2017-12-05 21:42:00 UTC,7143917.88502489,3561338.44617698,11726.0
2017-12-05 21:43:00 UTC,7174829.58891181,3368112.48361111,11727.5
2017-12-05 21:44:00 UTC,6946346.97641115,3961683.54104834,11721.0
2017-12-05 21:45:00 UTC,7044563.0909441,3831537.90195275,11721.5
2017-12-05 21:46:00 UTC,7286015.51908389,3596893.14507156,11724.0
2017-12-05 21:47:00 UTC,6921417.67270364,3141056.67931334,11728.5
2017-12-05 21:48:00 UTC,8420996.18734878,3007739.8614479,11733.5
2017-12-05 21:49:00 UTC,7509807.37316731,3250379.17255575,11728.5
2017-12-05 21:50:00 UTC,8417421.55718428,3423382.46884866,11733.5
2017-12-05 21:51:00 UTC,8364696.6081803,3340689.47047075,11732.5
2017-12-05 21:52:00 UTC,7541490.04651293,3479691.80148251,11726.5
2017-12-05 21:53:00 UTC,7392638.39964138,3767025.75090526,11726.5
2017-12-05 21:54:00 UTC,7609501.52321433,3549807.2375924,11729.5
2017-12-05 21:55:00 UTC,7667719.45075707,3253188.21835389,11730.5
2017-12-05 21:56:00 UTC,8711488.69993956,3327205.77599077,11734.5
2017-12-05 21:57:00 UTC,7797638.98951002,3433087.56007275,11730.0
2017-12-05 21:58:00 UTC,8127648.98882534,3358181.52348428,11735.0
2017-12-05 21:59:00 UTC,6698919.29586828,3718798.1602142,11724.5
2017-12-05 22:00:00 UTC,6519789.58714788,3989728.0898416,11724.0
2017-12-05 22:01:00 UTC,6266913.94658613,4154425.12601672,11719.5
2017-12-05 22:02:00 UTC,6788898.0081283,4299342.71522419,11718.5
2017-12-05 22:03:00 UTC,6684736.02946888,4354548.33908639,11717.5
2017-12-05 22:04:00 UTC,6701528.25752284,4546523.89916,11713.5
2017-12-05 22:05:00 UTC,6573814.6251785,4729384.48006609,11705.5
2017-12-05 22:06:00 UTC,6542016.4230354,4692827.39451008,11712.5
2017-12-05 22:07:00 UTC,6951128.84966855,4654837.97522947,11717.0
2017-12-05 22:08:00 UTC,7094971.97676756,4377824.06512263,11721.5
2017-12-05 22:09:00 UTC,6799469.80342071,4010309.2866787,11722.5
2017-12-05 22:10:00 UTC,6605922.89121492,4759720.44159606,11715.5
2017-12-05 22:11:00 UTC,6917129.73823381,4470018.77045553,11719.5
2017-12-05 22:12:00 UTC,6742429.3956243,3635264.88621512,11728.5
2017-12-05 22:13:00 UTC,8222255.48092026,3011646.26280497,11740.5
2017-12-05 22:14:00 UTC,6618980.41513064,4104254.11571602,11727.0
2017-12-05 22:15:00 UTC,7860370.81352756,3210017.59971073,11744.5
2017-12-05 22:16:00 UTC,8060173.39619508,3387655.81375266,11740.5
2017-12-05 22:17:00 UTC,7911171.40386244,3152505.48379466,11744.5
2017-12-05 22:18:00 UTC,7787702.40804733,3176484.8438512,11739.5
2017-12-05 22:19:00 UTC,8128638.8741915,3433012.22623841,11738.25
2017-12-05 22:20:00 UTC,6543137.41599236,3602037.35607414,11725.5
2017-12-05 22:21:00 UTC,5812604.53124833,4346860.87844805,11702.0
2017-12-05 22:22:00 UTC,6087645.71599638,4043471.14428963,11719.5
2017-12-05 22:23:00 UTC,6827246.99074414,4169845.09054649,11724.0
2017-12-05 22:24:00 UTC,6635832.01186401,4471757.722667,11722.0
2017-12-05 22:25:00 UTC,5136191.70865641,4344424.63840323,11690.0
2017-12-05 22:26:00 UTC,5413910.65780553,3716882.50600058,11686.5
2017-12-05 22:27:00 UTC,5869052.90392724,3558106.36968237,11689.5
2017-12-05 22:28:00 UTC,6549151.42984028,3660690.18907676,11691.5
2017-12-05 22:29:00 UTC,6096059.98413191,3739978.50458905,11686.5
2017-12-05 22:30:00 UTC,3818499.4460577,5129531.14700551,11637.5
2017-12-05 22:31:00 UTC,2869644.0835433,5078697.63790507,11627.5
2017-12-05 22:32:00 UTC,3197403.77040617,4282735.40655387,11633.0
2017-12-05 22:33:00 UTC,3253226.03634304,3979314.51842603,11633.5
2017-12-05 22:34:00 UTC,3935433.27761182,4337010.4434213,11635.5
2017-12-05 22:35:00 UTC,3956759.82946472,4258728.06656054,11637.0
2017-12-05 22:36:00 UTC,4146626.2471375,4194517.61234446,11640.5
2017-12-05 22:37:00 UTC,4759996.24090442,4013098.65744246,11647.5
2017-12-05 22:38:00 UTC,4967087.56467715,3750853.58984608,11666.5
2017-12-05 22:39:00 UTC,5061012.26662473,3638748.85436923,11655.5
2017-12-05 22:40:00 UTC,5319166.98585847,4066316.87365509,11667.5
2017-12-05 22:41:00 UTC,4901897.41777125,4132760.07918864,11659.5
2017-12-05 22:42:00 UTC,5335002.75986886,3426633.93220788,11670.5
2017-12-05 22:43:00 UTC,5333331.81105074,3378706.29572669,11660.5
2017-12-05 22:44:00 UTC,4975995.24659488,4098868.43240828,11658.5
2017-12-05 22:45:00 UTC,4900308.0931864,3945405.00167075,11650.0
2017-12-05 22:46:00 UTC,4757428.93727531,4247689.64335993,11656.5
2017-12-05 22:47:00 UTC,4871683.77482312,4305216.56688338,11657.5
2017-12-05 22:48:00 UTC,4985919.53216578,4156283.42269322,11663.5
2017-12-05 22:49:00 UTC,4966392.02564649,4152478.32206567,11665.75
2017-12-05 22:50:00 UTC,4807707.96249643,2950863.40442941,11673.5
2017-12-05 22:51:00 UTC,5809882.70597028,3139328.5821234,11673.5
2017-12-05 22:52:00 UTC,4322387.58479552,4123431.5596817,11667.0
2017-12-05 22:53:00 UTC,4790781.01827774,3066239.23607538,11677.5
2017-12-05 22:54:00 UTC,4457546.02212919,3647334.73206983,11668.5
2017-12-05 22:55:00 UTC,4388996.40053032,3875175.96099317,11663.75
2017-12-05 22:56:00 UTC,3727429.20214788,4067396.39262745,11647.5
2017-12-05 22:57:00 UTC,4184340.28744434,3978628.48980967,11661.0
2017-12-05 22:58:00 UTC,4251381.41992424,3202981.46334429,11676.0
2017-12-05 22:59:00 UTC,6031433.1690766,2791463.54718214,11684.0
2017-12-05 23:00:00 UTC,5704981.49143656,3076764.34585519,11686.5
2017-12-05 23:01:00 UTC,5633973.65798986,3049161.56191879,11690.5
2017-12-05 23:02:00 UTC,5567699.61588297,3509580.19413064,11681.75
2017-12-05 23:03:00 UTC,4343767.42481946,3976935.01765625,11673.5
2017-12-05 23:04:00 UTC,5685997.30707515,3695213.27548507,11682.5
2017-12-05 23:05:00 UTC,4063509.0710929,4057661.99341175,11664.5
2017-12-05 23:06:00 UTC,4259334.80176777,4619004.74390928,11649.5
2017-12-05 23:07:00 UTC,4163383.7743772,4851868.50039072,11649.5
2017-12-05 23:08:00 UTC,5187072.79354915,3430390.75321467,11685.5
2017-12-05 23:09:00 UTC,4250582.42743143,4126779.60070623,11659.5
2017-12-05 23:10:00 UTC,3646398.14105224,4886979.09043545,11658.5
2017-12-05 23:11:00 UTC,4328308.45757194,4417274.31537468,11662.5
2017-12-05 23:12:00 UTC,5600555.31502021,4536334.50778765,11667.5
2017-12-05 23:13:00 UTC,4772964.54079527,4862961.60215658,11649.5
2017-12-05 23:14:00 UTC,4292831.08007876,4482419.82578918,11649.5
2017-12-05 23:15:00 UTC,4462999.39749837,4329354.19359953,11663.0
2017-12-05 23:16:00 UTC,4780259.69121801,4692457.53994596,11649.5
2017-12-05 23:17:00 UTC,4392591.05911992,4426359.9737016,11649.5
2017-12-05 23:18:00 UTC,4099790.01014707,4516359.1606974,11658.5
2017-12-05 23:19:00 UTC,4352314.56568423,4417798.01588875,11652.5
2017-12-05 23:20:00 UTC,4218020.31765011,4278573.30517309,11659.5
2017-12-05 23:21:00 UTC,4567413.7625099,4115238.90522432,11668.25
2017-12-05 23:22:00 UTC,4628144.73952887,3727057.86621978,11649.5
2017-12-05 23:23:00 UTC,3641214.67280964,4395097.87631457,11641.0
2017-12-05 23:24:00 UTC,3958534.57058129,3971639.45399032,11641.5
2017-12-05 23:25:00 UTC,4706040.73915331,4228953.04413067,11658.5
2017-12-05 23:26:00 UTC,5052304.14202328,3376890.28972939,11670.5
2017-12-05 23:27:00 UTC,4353540.74790932,3544575.07563686,11674.5
2017-12-05 23:28:00 UTC,4360203.57475278,3511947.21898701,11676.75
2017-12-05 23:29:00 UTC,4395775.20561431,3396458.30513382,11674.5
2017-12-05 23:30:00 UTC,4184084.98587251,4688023.79502423,11658.5
2017-12-05 23:31:00 UTC,3981859.63129604,4573513.11133593,11647.5
2017-12-05 23:32:00 UTC,4816161.84226656,4675111.28327865,11655.5
2017-12-05 23:33:00 UTC,4382384.86491943,3939670.47661766,11670.5
2017-12-05 23:34:00 UTC,4227698.11242257,4468583.94729282,11662.5
2017-12-05 23:35:00 UTC,4212102.65404697,3495827.13313622,11673.5
2017-12-05 23:36:00 UTC,4085496.74541948,4426999.14752989,11652.5
2017-12-05 23:37:00 UTC,3786792.6593337,4481290.99777274,11658.5
2017-12-05 23:38:00 UTC,3928490.86290764,4326248.97836365,11654.5
2017-12-05 23:39:00 UTC,3839869.70392221,4550293.28611396,11647.5
2017-12-05 23:40:00 UTC,3025163.3318104,4723050.15544415,11638.0
2017-12-05 23:41:00 UTC,3859195.55167396,4420804.04271852,11648.5
2017-12-05 23:42:00 UTC,4119389.58217861,4526978.04702902,11648.5
2017-12-05 23:43:00 UTC,3910643.15027936,3778431.61878666,11649.5
2017-12-05 23:44:00 UTC,3769178.70845695,4471732.30536198,11646.5
2017-12-05 23:45:00 UTC,2905652.45135352,4247245.9247595,11634.5
2017-12-05 23:46:00 UTC,2719223.16832695,6362242.26892082,11612.5
2017-12-05 23:47:00 UTC,2890781.6785872,5118277.91324356,11613.0
2017-12-05 23:48:00 UTC,2939692.8977315,6408445.41485317,11605.5
2017-12-05 23:49:00 UTC,3091035.21682358,6540230.64654733,11604.5
2017-12-05 23:50:00 UTC,2954793.28101483,6749709.03603225,11612.5
2017-12-05 23:51:00 UTC,3271518.8365913,6640919.14714108,11611.5
2017-12-05 23:52:00 UTC,3019271.14203393,6512287.43637428,11608.0
2017-12-05 23:53:00 UTC,2916679.89278857,6522214.77082503,11603.0
2017-12-05 23:54:00 UTC,2849667.80534315,7226226.47780945,11580.0
2017-12-05 23:55:00 UTC,2865606.62190776,6540038.83401761,11589.5
2017-12-05 23:56:00 UTC,3038226.71785995,6496532.16240767,11589.5
2017-12-05 23:57:00 UTC,2759458.46710185,6185059.88360248,11599.5
2017-12-05 23:58:00 UTC,3058110.27096773,6705079.15272044,11597.0
2017-12-05 23:59:00 UTC,2869936.78395871,6583137.48655672,11599.5
2017-12-06 00:00:00 UTC,3089198.40836038,6635565.1925623,11598.5
2017-12-06 00:01:00 UTC,3441441.80621429,6410236.811936,11614.0
2017-12-06 00:02:00 UTC,3183544.56646964,4069080.31819175,11626.5
2017-12-06 00:03:00 UTC,4234822.18606177,3522534.98670846,11649.5
2017-12-06 00:04:00 UTC,3379687.86454649,3834835.41527496,11631.5
2017-12-06 00:05:00 UTC,3372886.54406823,3389218.24676051,11621.5
2017-12-06 00:06:00 UTC,4200017.35285419,3311121.91303546,11627.5
2017-12-06 00:07:00 UTC,5283542.95948437,3423984.75540626,11643.0
2017-12-06 00:08:00 UTC,4627277.94875252,3284908.91914227,11637.5
2017-12-06 00:09:00 UTC,4722810.15007192,3235349.24309248,11633.5
2017-12-06 00:10:00 UTC,4081736.98649308,3401560.14504572,11629.5
2017-12-06 00:11:00 UTC,4961455.33742001,3114963.46058985,11641.0
2017-12-06 00:12:00 UTC,5438422.9828238,3028371.09609897,11653.75
2017-12-06 00:13:00 UTC,4883716.35321645,2861166.89234683,11645.5
2017-12-06 00:14:00 UTC,4981907.53461439,2637070.51835687,11666.5
2017-12-06 00:15:00 UTC,5459375.77121726,2225506.06246694,11669.5
2017-12-06 00:16:00 UTC,5171738.99414835,2069062.66659282,11669.5
2017-12-06 00:17:00 UTC,5045001.57937494,2103225.68051472,11669.5
2017-12-06 00:18:00 UTC,4758842.44399683,3123674.68576783,11650.75
2017-12-06 00:19:00 UTC,4927452.350639,2284550.35846921,11673.5
2017-12-06 00:20:00 UTC,4796349.09818477,2829410.72078854,11654.0
2017-12-06 00:21:00 UTC,4997767.58429734,2326621.03885035,11670.0
2017-12-06 00:22:00 UTC,5045715.89889858,2170607.80446078,11679.0
2017-12-06 00:23:00 UTC,5144502.70757299,2088018.04452535,11679.5
2017-12-06 00:24:00 UTC,6647591.7217195,2072842.32334118,11698.75
2017-12-06 00:25:00 UTC,6831262.99364977,2302752.69612918,11705.5
2017-12-06 00:26:00 UTC,6881725.29554045,2289699.31028578,11705.5
2017-12-06 00:27:00 UTC,6989853.94931784,2652491.62477674,11716.5
2017-12-06 00:28:00 UTC,6504893.2949812,2758857.85543415,11715.5
2017-12-06 00:29:00 UTC,7355106.4110741,4774918.2419843,11730.5
2017-12-06 00:30:00 UTC,8366362.72664953,4816954.29202852,11735.5
2017-12-06 00:31:00 UTC,8616171.34570166,5000681.96841555,11736.5
2017-12-06 00:32:00 UTC,8582764.50644368,5194840.90566296,11736.0
2017-12-06 00:33:00 UTC,7363057.20928464,5301265.7082173,11731.5
2017-12-06 00:34:00 UTC,8369976.56802255,5267200.10397458,11734.5
2017-12-06 00:35:00 UTC,8298863.64951424,5080437.54255264,11734.5
2017-12-06 00:36:00 UTC,8782540.82974417,4879722.91803004,11738.5
2017-12-06 00:37:00 UTC,8932579.16265452,5471550.71213377,11744.5
2017-12-06 00:38:00 UTC,8925261.09325279,5124427.70384298,11783.5
2017-12-06 00:39:00 UTC,9480419.40323503,5202996.21825093,11803.0
2017-12-06 00:40:00 UTC,9331383.04141013,5064839.10729302,11801.5
2017-12-06 00:41:00 UTC,9163450.34030411,5405643.90910438,11791.5
2017-12-06 00:42:00 UTC,7607656.30142547,5528844.046475,11780.0
2017-12-06 00:43:00 UTC,7572592.83077192,5404956.47435523,11770.5
2017-12-06 00:44:00 UTC,8359442.83950747,5766533.42430882,11778.0
2017-12-06 00:45:00 UTC,8874381.7782829,5665954.55288488,11785.5
2017-12-06 00:46:00 UTC,9060788.38318077,5575282.48902952,11790.5
2017-12-06 00:47:00 UTC,9751226.64618365,5670427.01795029,11791.5
2017-12-06 00:48:00 UTC,9625665.1243358,5826301.40626712,11798.5
2017-12-06 00:49:00 UTC,9387540.66102591,5430941.62553575,11784.0
2017-12-06 00:50:00 UTC,8527798.72474165,4847320.11742965,11776.0
2017-12-06 00:51:00 UTC,10000904.8272408,4366411.82090969,11797.0
2017-12-06 00:52:00 UTC,8834331.33706581,4728725.89353633,11781.5
2017-12-06 00:53:00 UTC,9664414.41334963,4472854.62610866,11799.5
2017-12-06 00:54:00 UTC,10073144.761395,4293396.34198224,11816.0
2017-12-06 00:55:00 UTC,10535766.5606923,4415231.62054003,11826.5
2017-12-06 00:56:00 UTC,9619417.7581594,4488181.11244277,11803.5
2017-12-06 00:57:00 UTC,10153113.4906791,4732868.50429684,11818.0
2017-12-06 00:58:00 UTC,8988995.53564959,5540920.50870619,11803.5
2017-12-06 00:59:00 UTC,8707324.24073256,5445427.91710345,11801.5
2017-12-06 01:00:00 UTC,9071737.56162719,5336664.28809181,11802.0
2017-12-06 01:01:00 UTC,7823256.23503678,4989480.7690386,11791.5
2017-12-06 01:02:00 UTC,8042817.00428079,5625390.4727373,11787.5
2017-12-06 01:03:00 UTC,9343145.31952286,5208915.65064244,11821.25
2017-12-06 01:05:00 UTC,10646885.3582755,5680592.59437774,11834.5
2017-12-06 01:06:00 UTC,9498723.49051316,5246926.10541317,11825.5
2017-12-06 01:07:00 UTC,10631975.099257,5574956.95365298,11837.5
2017-12-06 01:08:00 UTC,10928122.6164949,5153415.5284479,11839.5
2017-12-06 01:09:00 UTC,9807921.58529764,5266046.48812941,11830.5
2017-12-06 01:10:00 UTC,10062155.904652,5447027.40532778,11833.5
2017-12-06 01:11:00 UTC,10264517.6134995,5429102.33825423,11836.0
2017-12-06 01:12:00 UTC,10067796.6581052,3944567.65894799,11851.5
2017-12-06 01:14:00 UTC,9356929.36705422,6036047.76229109,11839.5
2017-12-06 01:15:00 UTC,9426519.4123538,5943465.50864643,11841.0
2017-12-06 01:16:00 UTC,7832816.66652054,5024856.08792106,11807.5
2017-12-06 01:17:00 UTC,8454458.24216742,5193663.38425018,11815.5
2017-12-06 01:18:00 UTC,7183507.64979761,5686163.64363073,11799.0
2017-12-06 01:19:00 UTC,7757905.34299226,5270766.58405772,11804.5
2017-12-06 01:20:00 UTC,7412840.54677743,5534278.65830486,11793.0
2017-12-06 01:21:00 UTC,7225195.08060886,5455268.04877306,11790.5
2017-12-06 01:22:00 UTC,7831446.89609688,5552714.31870951,11795.0
2017-12-06 01:23:00 UTC,7592253.74494926,5404932.25216969,11786.0
2017-12-06 01:24:00 UTC,7936164.85164552,5474381.62263985,11786.0
2017-12-06 01:25:00 UTC,7914568.41703643,5636363.69786784,11789.5
2017-12-06 01:26:00 UTC,7811174.75789468,5678609.32935384,11787.0
2017-12-06 01:27:00 UTC,7755773.69178555,5433229.3856658,11791.0
2017-12-06 01:28:00 UTC,8291315.05026062,5394628.82543594,11791.5
2017-12-06 01:29:00 UTC,8106146.01127569,5471143.87680995,11788.75
2017-12-06 01:31:00 UTC,7745540.51380214,5245888.88904546,11780.25
2017-12-06 01:32:00 UTC,6280557.8032635,5523757.27409845,11765.0
2017-12-06 01:33:00 UTC,7002054.75866191,5952458.71441788,11768.5
2017-12-06 01:34:00 UTC,7265516.28242484,5576032.07290832,11781.0
2017-12-06 01:35:00 UTC,8485162.39874346,5003175.71736091,11781.5
2017-12-06 01:36:00 UTC,6988678.18723405,5253346.47103746,11777.0
2017-12-06 01:37:00 UTC,8521364.79110885,5197215.61708968,11792.75
2017-12-06 01:38:00 UTC,8425229.57601211,5114030.45499347,11790.5
2017-12-06 01:39:00 UTC,9363461.4464816,5025296.66877654,11802.5
2017-12-06 01:40:00 UTC,8931248.83343248,5157025.84790885,11798.5
2017-12-06 01:41:00 UTC,9294913.38154968,5310447.26305825,11812.5
2017-12-06 01:42:00 UTC,9577696.04049071,4948162.40572128,11819.0
2017-12-06 01:43:00 UTC,10822048.0405369,4493905.66235265,11838.5
2017-12-06 01:44:00 UTC,10857529.8208905,4409680.20673365,11835.5
2017-12-06 01:45:00 UTC,9158476.8798428,4984681.09691338,11813.5
2017-12-06 01:46:00 UTC,9621440.76234096,5001919.49826047,11819.0
2017-12-06 01:47:00 UTC,8419775.83293848,5230142.32855316,11797.5
2017-12-06 01:48:00 UTC,9446424.64698828,5341395.2917348,11807.5
2017-12-06 01:49:00 UTC,9518144.69833645,5105260.4097008,11811.0
2017-12-06 01:50:00 UTC,9011815.03847421,4623273.50542707,11816.25
2017-12-06 01:51:00 UTC,8521978.35827323,4389065.49701305,11817.0
2017-12-06 01:52:00 UTC,8713519.19875291,4202898.57981775,11819.5
2017-12-06 01:53:00 UTC,8544743.92599693,4388352.72605562,11819.5
2017-12-06 01:54:00 UTC,9032511.28887656,3918013.31415977,11833.5
2017-12-06 01:55:00 UTC,8620530.65019218,3806849.87805007,11837.0
2017-12-06 01:56:00 UTC,8334041.67168278,4007924.62244722,11836.5
2017-12-06 01:57:00 UTC,8409487.56438001,2440486.17577677,11851.5
2017-12-06 01:58:00 UTC,8244035.31149621,1754107.35479438,11863.5
2017-12-06 01:59:00 UTC,8673837.99538225,1644436.00691618,11870.5
2017-12-06 02:00:00 UTC,6944935.40268477,2880686.35685691,11867.5
2017-12-06 02:01:00 UTC,5603451.53939527,5289896.19052694,11846.0
2017-12-06 02:02:00 UTC,8797721.7181644,4560721.53482427,11876.0
2017-12-06 02:03:00 UTC,10535481.4559407,3570507.44687755,11911.0
2017-12-06 02:04:00 UTC,10402703.568304,3749185.67127626,11932.0
2017-12-06 02:05:00 UTC,10247976.0343757,3071232.35436535,11941.5
2017-12-06 02:06:00 UTC,9964543.57343562,2980583.49012822,11923.0
2017-12-06 02:07:00 UTC,9678145.46122123,2506161.07280502,11950.5
2017-12-06 02:08:00 UTC,8820515.93034725,3697280.23273664,11903.0
2017-12-06 02:09:00 UTC,9387430.08797255,2793574.11847057,11928.0
2017-12-06 02:10:00 UTC,9380151.72265651,3122914.03494878,11914.5
2017-12-06 02:11:00 UTC,9164994.48471974,2794498.03012335,11915.5
2017-12-06 02:12:00 UTC,9699482.95341196,2615760.53960674,11932.5
2017-12-06 02:13:00 UTC,9404253.29578165,2734049.82926779,11942.5
2017-12-06 02:14:00 UTC,9258144.07236023,2839295.8997571,11943.0
2017-12-06 02:15:00 UTC,8611818.41993771,2849258.98357338,11981.0
2017-12-06 02:16:00 UTC,7617068.83859138,2779137.83350016,11985.5
2017-12-06 02:17:00 UTC,7027178.33161983,2579830.72973315,11971.0
2017-12-06 02:18:00 UTC,7780740.92556174,2607676.80315663,11974.5
2017-12-06 02:19:00 UTC,7875610.02053928,2850423.4395358,11984.0
2017-12-06 02:20:00 UTC,8021832.53696049,2488665.34623597,11988.0
2017-12-06 02:21:00 UTC,8071940.5519958,2815162.54193915,11988.0
2017-12-06 02:22:00 UTC,7092898.61436634,3181781.52000512,11997.5
2017-12-06 02:23:00 UTC,5241068.62184706,2737891.37134136,12055.5
2017-12-06 02:24:00 UTC,5925357.31364799,2253161.99321164,12072.0
2017-12-06 02:25:00 UTC,4980382.22332665,2678758.5384615,12055.5
2017-12-06 02:26:00 UTC,4541578.14976515,3092116.52632831,12024.0
2017-12-06 02:27:00 UTC,4503235.77946005,2999165.05017334,12035.5
2017-12-06 02:28:00 UTC,4674312.60220211,3172706.91360593,12049.5
2017-12-06 02:29:00 UTC,5241112.83464039,3015385.26601782,12072.0
2017-12-06 02:30:00 UTC,7727986.318484,2921930.55371343,12095.5
2017-12-06 02:31:00 UTC,8438252.23158495,3578449.51827883,12088.0
2017-12-06 02:32:00 UTC,3702879.69533988,3250361.74093375,12054.5
2017-12-06 02:33:00 UTC,4032793.47198473,3790965.9589367,12034.0
2017-12-06 02:34:00 UTC,4203930.47385926,7397153.08651652,12046.0
2017-12-06 02:35:00 UTC,4978800.44436972,6174002.84160444,12073.5
2017-12-06 02:36:00 UTC,5347847.54970149,6016229.58058971,12072.0
2017-12-06 02:37:00 UTC,7971127.70900486,5090549.8688395,12104.0
2017-12-06 02:38:00 UTC,8762106.4816939,4302396.90417553,12139.5
2017-12-06 02:39:00 UTC,8813664.78618246,3906905.40926763,12141.0
2017-12-06 02:40:00 UTC,7544442.87910381,5033739.29839141,12090.5
2017-12-06 02:41:00 UTC,7593048.0183898,5293510.58607761,12094.5
2017-12-06 02:42:00 UTC,8177543.96825033,4220759.96044786,12127.75
2017-12-06 02:43:00 UTC,8601081.59548104,4838064.20530251,12126.5
2017-12-06 02:44:00 UTC,9285130.72835743,5965249.02899477,12109.5
2017-12-06 02:45:00 UTC,9579347.73759569,5150442.0156642,12126.0
2017-12-06 02:46:00 UTC,8795707.38790742,6425235.64670232,12093.0
2017-12-06 02:47:00 UTC,8617273.14025664,5797935.4868537,12107.0
2017-12-06 02:48:00 UTC,9215310.27842909,5599759.61387671,12116.5
2017-12-06 02:49:00 UTC,7058281.98257831,6367433.2663867,12118.5
2017-12-06 02:50:00 UTC,7016963.22968482,8210588.26599004,12096.0
2017-12-06 02:51:00 UTC,6685592.68917093,7782806.7314158,12096.5
2017-12-06 02:53:00 UTC,6051268.79447813,7006895.33454212,12098.0
2017-12-06 02:54:00 UTC,6247645.7407851,6966352.06480778,12109.5
2017-12-06 02:55:00 UTC,7428274.17689419,5193918.18793983,12150.25
2017-12-06 02:56:00 UTC,7962917.56609537,4998702.75314924,12163.5
2017-12-06 02:57:00 UTC,8015397.78375535,5141078.68370167,12151.5
2017-12-06 02:58:00 UTC,7750863.90712464,5345412.53033145,12141.5
2017-12-06 02:59:00 UTC,8056709.75048896,5469064.32007537,12140.0
2017-12-06 03:00:00 UTC,7881727.24571658,5015473.89617669,12150.0
2017-12-06 03:01:00 UTC,7595187.40351435,4738167.18641562,12174.0
2017-12-06 03:02:00 UTC,7644713.14303147,4519422.67724723,12186.5
2017-12-06 03:03:00 UTC,7611569.67675721,4391145.18614223,12206.0
2017-12-06 03:04:00 UTC,7895733.99886458,4215762.75524355,12198.5
2017-12-06 03:05:00 UTC,8149815.65648207,4082276.06742424,12206.0
2017-12-06 03:06:00 UTC,8229945.9160788,3943849.09705151,12203.5
2017-12-06 03:07:00 UTC,8333859.46171607,3481435.8329509,12190.5
2017-12-06 03:08:00 UTC,7833330.7220718,4041756.19359867,12182.5
2017-12-06 03:09:00 UTC,7763001.87632865,4269940.68767854,12207.75
2017-12-06 03:10:00 UTC,8281843.77754829,4006633.66241268,12220.0
2017-12-06 03:11:00 UTC,8473093.89330653,3460096.37450892,12196.5
2017-12-06 03:12:00 UTC,4484562.22212874,5149961.87876955,12122.5
2017-12-06 03:13:00 UTC,3449764.3079502,5576473.7384296,12086.5
2017-12-06 03:14:00 UTC,3303436.37052668,5296565.01499721,12115.0
2017-12-06 03:15:00 UTC,6286214.14344541,3497243.62498732,12173.75
2017-12-06 03:16:00 UTC,5265032.24076707,3704627.44987659,12149.5
2017-12-06 03:17:00 UTC,4849802.72249039,4907161.04997091,12132.0
2017-12-06 03:18:00 UTC,4708753.37088245,5750605.55855257,12130.5
2017-12-06 03:19:00 UTC,4863330.71471963,5408591.67754869,12137.5
2017-12-06 03:20:00 UTC,4123977.37746327,3941466.48595395,12138.0
2017-12-06 03:21:00 UTC,4262821.88483441,3428839.67979628,12152.25
2017-12-06 03:22:00 UTC,5066309.07857807,2949778.57427999,12169.5
2017-12-06 03:23:00 UTC,6867173.82082774,4222574.22637868,12170.0
2017-12-06 03:24:00 UTC,6497859.02847143,4571993.11972365,12153.5
2017-12-06 03:25:00 UTC,6246436.93586134,4105392.90494883,12158.5
2017-12-06 03:26:00 UTC,6436952.69519771,4925756.56324831,12166.5
2017-12-06 03:27:00 UTC,7302088.64732085,3728089.69844082,12207.75
2017-12-06 03:28:00 UTC,7946863.5504232,3388640.43124455,12215.5
2017-12-06 03:29:00 UTC,7485014.91252204,2991069.24010995,12219.5
2017-12-06 03:30:00 UTC,6445718.87360478,3954134.79706034,12181.5
2017-12-06 03:31:00 UTC,6636420.42504804,4010163.02825446,12184.0
2017-12-06 03:32:00 UTC,7057470.36643134,3690154.49189247,12183.5
2017-12-06 03:33:00 UTC,7072213.8103339,3838636.43497318,12187.0
2017-12-06 03:34:00 UTC,6868923.77485576,3938441.50184715,12178.75
2017-12-06 03:35:00 UTC,7068660.05339996,4318386.39997382,12185.5
2017-12-06 03:36:00 UTC,6847057.70009276,4272800.13039735,12188.5
2017-12-06 03:37:00 UTC,6848268.39832124,4371066.47262934,12189.0
2017-12-06 03:38:00 UTC,7013114.67929895,4282420.78403908,12182.5
2017-12-06 03:39:00 UTC,6825421.29456042,3912954.01016385,12192.0
2017-12-06 03:40:00 UTC,6735985.65080314,4398180.63806644,12186.5
2017-12-06 03:41:00 UTC,6787501.14464397,4011374.16352216,12196.5
2017-12-06 03:42:00 UTC,6712492.27500692,3581035.87112602,12205.25
2017-12-06 03:43:00 UTC,6545738.96444296,3634507.41360278,12207.5
2017-12-06 03:44:00 UTC,6889974.15929309,3212271.81688306,12215.5
2017-12-06 03:45:00 UTC,6435277.80541537,3755096.24017061,12215.5
2017-12-06 03:46:00 UTC,6918540.29966319,3293285.13100729,12243.5
2017-12-06 03:47:00 UTC,7055891.36890731,3790007.70725255,12269.5
2017-12-06 03:48:00 UTC,6545369.74664223,3531386.91071176,12252.25
2017-12-06 03:49:00 UTC,7459428.71802497,3433500.89180253,12260.5
2017-12-06 03:50:00 UTC,7592652.50872239,3617886.27693283,12252.5
2017-12-06 03:51:00 UTC,6470405.05639343,3868195.97037786,12248.5
2017-12-06 03:52:00 UTC,7705525.08492747,3478998.01878255,12263.5
2017-12-06 03:53:00 UTC,7544676.99109703,3572415.01030879,12269.5
2017-12-06 03:54:00 UTC,7596061.26887913,3820480.18957424,12260.5
2017-12-06 03:55:00 UTC,7384727.71200371,3906489.04869288,12254.0
2017-12-06 03:56:00 UTC,7297375.34450607,4561008.23600077,12222.5
2017-12-06 03:57:00 UTC,7608247.70055487,4368084.12247658,12222.5
2017-12-06 03:58:00 UTC,6992997.02542205,4174292.93010098,12217.0
2017-12-06 03:59:00 UTC,6726072.53912536,4308732.22822297,12220.0
2017-12-06 04:00:00 UTC,6648987.98851555,4457674.17936974,12221.5
2017-12-06 04:01:00 UTC,7707123.13681002,4206498.86844084,12238.5
2017-12-06 04:02:00 UTC,6833150.33226974,4341040.35493015,12231.0
2017-12-06 04:03:00 UTC,6910471.99456424,4175879.48588546,12229.5
2017-12-06 04:04:00 UTC,6977914.06918164,4722128.91286537,12233.0
2017-12-06 04:05:00 UTC,6838979.08225882,4358103.13658283,12229.5
2017-12-06 04:06:00 UTC,7147137.25322545,4419002.97209261,12230.5
2017-12-06 04:07:00 UTC,6126049.43810996,4079972.82473612,12206.25
2017-12-06 04:08:00 UTC,5846822.58541272,4478822.76398359,12189.5
2017-12-06 04:09:00 UTC,5112389.57668674,4608893.69677833,12146.5
2017-12-06 04:10:00 UTC,2775966.83145881,5794624.41980263,12116.5
2017-12-06 04:11:00 UTC,4816174.22449851,4152702.28019468,12154.5
2017-12-06 04:12:00 UTC,6313799.17901892,3511014.18046353,12184.5
2017-12-06 04:13:00 UTC,6435990.06956824,3888127.21756355,12172.0
2017-12-06 04:14:00 UTC,5964568.77459936,4066551.79792246,12155.0
2017-12-06 04:15:00 UTC,7731236.53780878,3989538.69201717,12185.5
2017-12-06 04:16:00 UTC,7884575.0133025,3646220.28706168,12194.0
2017-12-06 04:17:00 UTC,7676135.32354059,3811035.35972635,12192.5
2017-12-06 04:18:00 UTC,7504786.77604008,3425933.16937582,12188.0
2017-12-06 04:19:00 UTC,7804235.89976374,3573631.04092489,12205.0
2017-12-06 04:20:00 UTC,7755612.1984384,3411397.53372114,12205.5
2017-12-06 04:21:00 UTC,7681435.93827802,3653324.11075924,12196.5
2017-12-06 04:22:00 UTC,7982749.93567019,3636184.50577982,12208.0
2017-12-06 04:23:00 UTC,7875414.86858808,3594830.11234184,12208.5
2017-12-06 04:24:00 UTC,7722084.57677588,3385802.02996189,12216.5
2017-12-06 04:25:00 UTC,7636969.22710232,3731070.90183499,12211.5
2017-12-06 04:26:00 UTC,7707770.87979562,3935082.40555324,12202.0
2017-12-06 04:27:00 UTC,7644588.04138253,4067165.59632094,12200.0
2017-12-06 04:28:00 UTC,7660927.94949206,3881767.93397032,12202.5
2017-12-06 04:29:00 UTC,7648347.50724459,4335834.53578624,12202.5
2017-12-06 04:30:00 UTC,7460408.44778388,3664971.79981884,12219.5
2017-12-06 04:31:00 UTC,7949993.24300054,3608453.96308185,12225.25
2017-12-06 04:32:00 UTC,7066810.6587825,4358628.63101662,12195.5
2017-12-06 04:33:00 UTC,7328971.92614362,4435099.57175101,12196.5
2017-12-06 04:34:00 UTC,7377779.46610538,3886287.21839396,12209.5
2017-12-06 04:35:00 UTC,7274151.70419081,3976788.86958063,12204.5
2017-12-06 04:36:00 UTC,7390659.0952485,3691555.14502801,12207.5
2017-12-06 04:37:00 UTC,6940970.74323454,3961612.53536138,12198.5
2017-12-06 04:38:00 UTC,7648431.37195193,4406949.67180466,12187.0
2017-12-06 04:39:00 UTC,7084461.81981091,4087592.25289409,12199.0
2017-12-06 04:40:00 UTC,7269819.18604673,4576069.99750427,12178.5
2017-12-06 04:41:00 UTC,7503431.11461418,4606486.76312133,12185.0
2017-12-06 04:42:00 UTC,7884840.44079507,4846914.38440406,12174.5
2017-12-06 04:43:00 UTC,8670574.61242817,4628618.52827158,12174.5
2017-12-06 04:44:00 UTC,7240555.68948363,4327191.79873948,12167.5
2017-12-06 04:45:00 UTC,6504696.49539631,4388000.01850518,12158.5
2017-12-06 04:46:00 UTC,6138073.87214531,4757319.48210419,12152.5
2017-12-06 04:47:00 UTC,6878153.09261946,4220653.50315462,12169.0
2017-12-06 04:48:00 UTC,6444472.13359252,4473492.09170253,12159.5
2017-12-06 04:49:00 UTC,7240689.68652761,4150388.84653213,12166.5
2017-12-06 04:50:00 UTC,7798969.42003672,4286392.91925995,12169.5
2017-12-06 04:51:00 UTC,9444567.23038551,4063439.59568098,12194.5
2017-12-06 04:52:00 UTC,8320640.3926591,4440002.37650903,12178.5
2017-12-06 04:53:00 UTC,8879373.37414878,4185525.78975358,12198.5
2017-12-06 04:54:00 UTC,8711209.06364078,4095895.59254582,12201.5
2017-12-06 04:55:00 UTC,8487146.57533152,4525502.08830563,12190.5
2017-12-06 04:56:00 UTC,8503609.17904092,4314346.85175647,12185.25
2017-12-06 04:57:00 UTC,8650827.53295566,4564115.00751256,12191.5
2017-12-06 04:58:00 UTC,8330240.23740574,3966046.94184875,12197.0
2017-12-06 04:59:00 UTC,8748714.06433822,4370110.2716948,12212.5
2017-12-06 05:00:00 UTC,8586972.46977631,3883479.51890232,12211.5
2017-12-06 05:01:00 UTC,7561194.45960895,4748355.25653274,12179.5
2017-12-06 05:02:00 UTC,8579211.43022779,4004818.13411757,12199.5
2017-12-06 05:03:00 UTC,6613668.2417843,5176731.88208749,12155.0
2017-12-06 05:04:00 UTC,6738758.08842456,4599965.23744059,12156.5
2017-12-06 05:05:00 UTC,6559068.59700871,4426921.05200452,12153.0
2017-12-06 05:06:00 UTC,6591962.47560903,4656203.86386841,12164.0
2017-12-06 05:07:00 UTC,6138676.80330707,5243068.15678061,12137.5
2017-12-06 05:08:00 UTC,6047892.79212121,5461256.62344532,12128.5
2017-12-06 05:09:00 UTC,6223014.44456132,4484251.13834169,12136.5
2017-12-06 05:10:00 UTC,6307873.87494369,4400203.43099834,12141.5
2017-12-06 05:11:00 UTC,6206765.68864839,4635121.39358681,12139.5
2017-12-06 05:12:00 UTC,5891963.46658122,4405430.22919817,12146.5
2017-12-06 05:13:00 UTC,6444013.14862867,5526926.45829747,12129.5
2017-12-06 05:14:00 UTC,5943671.17916755,5000667.36120913,12133.5
2017-12-06 05:15:00 UTC,6251577.27227626,4702554.09802796,12133.0
2017-12-06 05:16:00 UTC,5679550.84287392,5134582.14264196,12130.5
2017-12-06 05:17:00 UTC,6392425.88188807,5300334.34005618,12129.0
2017-12-06 05:18:00 UTC,6175081.73597439,5189070.20474636,12134.5
2017-12-06 05:19:00 UTC,6267522.46134217,4735675.10886573,12136.5
2017-12-06 05:20:00 UTC,6317064.13264747,4974495.14381178,12136.0
2017-12-06 05:21:00 UTC,6493024.25179112,5062495.31035043,12138.5
2017-12-06 05:22:00 UTC,6664724.24971409,5155916.86593212,12140.75
2017-12-06 05:23:00 UTC,6499112.32669345,4786961.68681648,12145.5
2017-12-06 05:24:00 UTC,6729852.69040742,4515655.30377475,12149.5
2017-12-06 05:25:00 UTC,6352600.73894959,4552140.65418593,12147.5
2017-12-06 05:26:00 UTC,7021267.91422311,4290367.528849,12158.0
2017-12-06 05:27:00 UTC,6642871.32642906,4914523.66625088,12152.5
2017-12-06 05:28:00 UTC,6760783.93576515,4772829.69253151,12146.0
2017-12-06 05:29:00 UTC,6677918.16197058,4788245.81573888,12145.0
2017-12-06 05:30:00 UTC,6252023.97400593,4951587.21065468,12143.5
2017-12-06 05:31:00 UTC,6690188.86540969,5263255.36626299,12146.0
2017-12-06 05:32:00 UTC,6620605.24200381,5314075.96765116,12145.5
2017-12-06 05:33:00 UTC,7145604.65078352,4936553.72281007,12147.5
2017-12-06 05:34:00 UTC,7210281.47581004,4990204.60399727,12148.25
2017-12-06 05:35:00 UTC,7267489.54569542,4744416.17412051,12151.5
2017-12-06 05:36:00 UTC,7168959.08117738,5068774.17186706,12151.5
2017-12-06 05:37:00 UTC,7287758.6585754,4726068.98151766,12156.0
2017-12-06 05:38:00 UTC,7339087.05332118,4644211.41218317,12157.5
2017-12-06 05:39:00 UTC,7117029.72189078,4570165.73155219,12158.5
2017-12-06 05:40:00 UTC,6701924.84432673,4532625.03621361,12159.0
2017-12-06 05:41:00 UTC,5966201.78905908,4868483.15030409,12133.5
2017-12-06 05:42:00 UTC,6164554.96996139,5100341.15782587,12134.5
2017-12-06 05:43:00 UTC,6463725.51909861,4708550.20970927,12151.5
2017-12-06 05:44:00 UTC,6795848.92549558,4388206.38806534,12159.5
2017-12-06 05:45:00 UTC,6556805.60089601,4362010.64367774,12163.5
2017-12-06 05:46:00 UTC,8384092.14983567,4099269.63234019,12182.5
2017-12-06 05:47:00 UTC,8497981.85470187,3625891.7312878,12185.5
2017-12-06 05:48:00 UTC,8302946.52228446,3834065.23420765,12197.5
2017-12-06 05:49:00 UTC,8870714.27186598,3442914.82217247,12216.0
2017-12-06 05:50:00 UTC,8573884.42944835,3293701.07270703,12215.5
2017-12-06 05:51:00 UTC,8898311.44415565,3281494.34077017,12229.5
2017-12-06 05:52:00 UTC,8452068.70251576,3135799.64437749,12235.0
2017-12-06 05:53:00 UTC,7569067.57895778,3878827.739992,12213.0
2017-12-06 05:54:00 UTC,7762422.12360709,4012998.42768203,12222.5
2017-12-06 05:55:00 UTC,8490331.26346293,3221127.03295981,12239.5
2017-12-06 05:56:00 UTC,8374157.06962598,3621094.63804036,12239.5
2017-12-06 05:57:00 UTC,8799905.17963437,3512446.17391535,12244.5
2017-12-06 05:58:00 UTC,8506269.28168209,3506978.04345253,12248.5
2017-12-06 05:59:00 UTC,6859275.64150498,3684668.7904141,12269.5
2017-12-06 06:00:00 UTC,10411247.2351211,3301457.6264564,12284.25
2017-12-06 06:01:00 UTC,6660972.93970278,3860441.30573862,12258.0
2017-12-06 06:02:00 UTC,7180060.89568285,4243563.55462877,12259.5
2017-12-06 06:03:00 UTC,6778737.60103117,4223167.18302023,12259.5
2017-12-06 06:04:00 UTC,5971529.44709691,4220191.25345464,12269.5
2017-12-06 06:05:00 UTC,10496870.0314991,4287168.06771457,12298.5
2017-12-06 06:06:00 UTC,7721475.30228375,4405979.77829083,12301.5
2017-12-06 06:07:00 UTC,9480011.47220953,4996831.31649655,12333.25
2017-12-06 06:08:00 UTC,10470210.6843757,5705574.25315627,12333.0
2017-12-06 06:09:00 UTC,10199735.2727413,5089553.4912312,12339.5
2017-12-06 06:10:00 UTC,10111997.148333,5209325.15452797,12334.0
2017-12-06 06:11:00 UTC,10084073.2016673,4884563.28764565,12340.5
2017-12-06 06:12:00 UTC,9823479.81570237,4702353.14848763,12347.5
2017-12-06 06:13:00 UTC,9406767.74120792,5203852.56824037,12333.0
2017-12-06 06:14:00 UTC,10198213.5147659,4229341.58782104,12343.5
2017-12-06 06:15:00 UTC,9811253.61382515,4775588.4552764,12330.5
2017-12-06 06:16:00 UTC,9624198.30496847,4673270.38051932,12332.5
2017-12-06 06:17:00 UTC,9642123.54397033,4663267.21265137,12337.5
2017-12-06 06:18:00 UTC,9747432.77441516,4822632.68574046,12335.0
2017-12-06 06:19:00 UTC,10030857.2835831,4850004.83116752,12335.5
2017-12-06 06:20:00 UTC,10158493.585688,4886207.60049103,12337.0
2017-12-06 06:21:00 UTC,10138573.3640694,4280042.33106543,12340.5
2017-12-06 06:22:00 UTC,10067798.3661466,4283144.84974307,12359.5
2017-12-06 06:23:00 UTC,12326004.8226,4728698.72286266,12372.5
2017-12-06 06:24:00 UTC,13937886.6021231,4444389.13238325,12380.5
2017-12-06 06:25:00 UTC,13948910.2167326,4576695.04259755,12382.5
2017-12-06 06:26:00 UTC,13741512.3955553,4467292.30430434,12379.75
2017-12-06 06:27:00 UTC,13772817.5811276,4629035.21579232,12393.0
2017-12-06 06:28:00 UTC,12894406.1630847,4536031.91932864,12397.5
2017-12-06 06:29:00 UTC,13079934.6230133,4233870.19789724,12397.5
2017-12-06 06:30:00 UTC,9718364.38581012,4876375.19096474,12364.0
2017-12-06 06:31:00 UTC,9604439.89318884,3665772.12133782,12353.5
2017-12-06 06:32:00 UTC,10590126.9799249,4400045.0120382,12349.5
2017-12-06 06:33:00 UTC,10141875.3793976,4761103.42470783,12350.5
2017-12-06 06:34:00 UTC,10325531.4779383,4322223.46998892,12359.5
2017-12-06 06:35:00 UTC,10446779.8246498,4982709.7463284,12359.0
2017-12-06 06:36:00 UTC,9995270.6524279,4684615.71897304,12350.5
2017-12-06 06:37:00 UTC,10147571.0007906,4761205.35892957,12352.5
2017-12-06 06:39:00 UTC,9575385.3067042,5034997.08144986,12345.5
2017-12-06 06:42:00 UTC,8996107.25584719,5561739.5572683,12327.5
2017-12-06 06:43:00 UTC,7570219.74652293,5480866.23476219,12321.5
2017-12-06 06:44:00 UTC,8912555.0918009,5288486.44413269,12333.5
2017-12-06 06:45:00 UTC,9156314.88974933,4883807.02843653,12343.5
2017-12-06 06:46:00 UTC,9621610.93129082,4303208.18562539,12348.5
2017-12-06 06:47:00 UTC,10339749.69498,4539630.65371558,12355.5
2017-12-06 06:48:00 UTC,9320329.28604516,4740350.25030873,12343.5
2017-12-06 06:49:00 UTC,10928757.9714252,4746236.17073208,12366.0
2017-12-06 06:50:00 UTC,17203398.8902459,4521907.94403428,12381.0
2017-12-06 06:51:00 UTC,10961805.5514804,4957916.45832322,12370.5
2017-12-06 06:56:00 UTC,17269670.1408362,5104138.09986776,12398.5
2017-12-06 06:57:00 UTC,16899141.7989273,4937680.62610073,12398.0
2017-12-06 06:58:00 UTC,16126282.2872835,4899003.66142711,12399.5
2017-12-06 06:59:00 UTC,15828210.3606158,4903610.8553779,12396.5
2017-12-06 07:00:00 UTC,15633219.6965847,4607095.22224548,12398.5
2017-12-06 07:01:00 UTC,15562467.5677974,5218506.56106847,12410.0
2017-12-06 07:02:00 UTC,16344140.7358363,3515452.64851992,12425.5
2017-12-06 07:03:00 UTC,16335987.192965,4736707.72288289,12423.0
2017-12-06 07:04:00 UTC,16182952.8592482,2976682.0313625,12436.0
2017-12-06 07:05:00 UTC,14520692.085753,3212678.84438566,12447.5
2017-12-06 07:06:00 UTC,14029293.8503874,3490456.65003031,12438.5
2017-12-06 07:07:00 UTC,15143996.806915,3384944.67992448,12445.5
2017-12-06 07:08:00 UTC,14250459.5969072,3119918.78850148,12451.5
2017-12-06 07:09:00 UTC,14301197.3797189,3510565.00655661,12457.0
2017-12-06 07:10:00 UTC,14366477.0553885,3702260.44761126,12462.0
2017-12-06 07:11:00 UTC,14149560.0040185,4101788.89562596,12447.0
2017-12-06 07:12:00 UTC,12786283.1373614,4849460.36195865,12411.0
2017-12-06 07:13:00 UTC,3713289.53177231,4209305.90119788,12343.0
2017-12-06 07:14:00 UTC,2304959.90625639,4639501.33779636,12336.0
2017-12-06 07:15:00 UTC,6106711.60016446,4742816.1267788,12374.5
2017-12-06 07:16:00 UTC,11630985.1098171,4991031.71938203,12391.5
2017-12-06 07:17:00 UTC,11748150.3304039,5309068.10960398,12392.5
2017-12-06 07:18:00 UTC,6183105.91310281,5415881.77800778,12374.5
2017-12-06 07:19:00 UTC,4675498.68086914,5768595.33074357,12365.5
2017-12-06 07:20:00 UTC,10694330.5726086,5904103.3299137,12380.5
2017-12-06 07:21:00 UTC,11564048.0274884,5199368.36494317,12407.0
2017-12-06 07:22:00 UTC,12862336.1884067,3870057.20747637,12428.0
2017-12-06 07:23:00 UTC,13493833.4194627,3478786.73378457,12442.5
2017-12-06 07:24:00 UTC,13874848.67439,3627477.08727369,12451.0
2017-12-06 07:25:00 UTC,13433505.4831467,3416725.25558678,12452.0
2017-12-06 07:26:00 UTC,13804240.93136,3265926.06288667,12462.5
2017-12-06 07:27:00 UTC,13622821.2736605,3464960.24940236,12458.0
2017-12-06 07:28:00 UTC,13440430.9951353,3768375.09111791,12451.0
2017-12-06 07:29:00 UTC,13419138.2403792,4297062.13677212,12446.5
2017-12-06 07:30:00 UTC,12679319.7915889,5908190.74478013,12422.0
2017-12-06 07:31:00 UTC,12527931.5360533,6003956.14553536,12418.25
2017-12-06 07:32:00 UTC,12559523.2646315,6005853.27773624,12407.0
2017-12-06 07:33:00 UTC,12069132.5310332,6072333.92495307,12397.5
2017-12-06 07:34:00 UTC,11666782.2848882,6691935.55354296,12399.5
2017-12-06 07:35:00 UTC,11370170.1263114,6288072.19934665,12399.5
2017-12-06 07:36:00 UTC,11870836.5338328,6044025.37036078,12405.0
2017-12-06 07:37:00 UTC,12749004.4958936,5732423.33747937,12423.0
2017-12-06 07:38:00 UTC,11642755.3374138,5457886.45515157,12393.75
2017-12-06 07:39:00 UTC,11881947.954204,4953790.73110825,12394.0
2017-12-06 07:40:00 UTC,6339589.40326149,5458745.86131113,12374.5
2017-12-06 07:41:00 UTC,4619564.59803813,5622684.53852119,12356.5
2017-12-06 07:42:00 UTC,4199900.25915419,5851169.29474538,12357.0
2017-12-06 07:43:00 UTC,4390836.38295408,6874586.99327556,12353.0
2017-12-06 07:44:00 UTC,10731105.2719813,5899763.29373099,12377.0
2017-12-06 07:45:00 UTC,11787316.6750301,5046153.31872777,12395.5
2017-12-06 07:46:00 UTC,11509710.2857818,4773416.36535189,12392.0
2017-12-06 07:47:00 UTC,11655544.6191107,5050445.93921011,12388.0
2017-12-06 07:48:00 UTC,11038252.3543911,5626041.36957947,12375.5
2017-12-06 07:49:00 UTC,4477742.68982221,5923306.15789693,12370.0
2017-12-06 07:50:00 UTC,4875155.83259116,5780830.94442855,12369.5
2017-12-06 07:51:00 UTC,4551041.46096857,6102857.16756616,12363.0
2017-12-06 07:52:00 UTC,4507945.72620327,5603805.93518952,12361.5
2017-12-06 07:53:00 UTC,8200550.7002671,5576491.08363049,12375.0
2017-12-06 07:54:00 UTC,11142016.9024558,5857505.40774173,12391.5
2017-12-06 07:55:00 UTC,11550202.8730066,5393191.84908152,12395.0
2017-12-06 07:56:00 UTC,11258224.9024751,5808135.33230365,12380.0
2017-12-06 07:57:00 UTC,11421495.2021322,5924326.19027471,12379.5
2017-12-06 07:58:00 UTC,11246319.7879412,6019149.25441399,12377.0
2017-12-06 07:59:00 UTC,11502412.1205905,6259028.75183349,12378.5
2017-12-06 08:00:00 UTC,11343212.5738235,6076822.02229405,12379.0
2017-12-06 08:01:00 UTC,11219657.1954832,6008002.3823331,12378.5
2017-12-06 08:02:00 UTC,8084964.79246907,6174051.24812872,12371.25
2017-12-06 08:03:00 UTC,4670506.51389816,5783270.06352506,12364.0
2017-12-06 08:04:00 UTC,4583493.42495539,5472847.23999448,12362.5
2017-12-06 08:05:00 UTC,4570447.06620058,4977822.77733656,12362.0
2017-12-06 08:06:00 UTC,3396598.44099823,5459429.92711309,12344.0
2017-12-06 08:07:00 UTC,3630692.00106612,5273014.37581387,12348.5
2017-12-06 08:08:00 UTC,4311775.5454452,5258858.74460854,12361.5
2017-12-06 08:09:00 UTC,8094513.64648644,5036311.76147684,12371.5
2017-12-06 08:10:00 UTC,11928227.4087669,4983966.67909046,12384.5
2017-12-06 08:11:00 UTC,12106212.0302005,4602250.69322725,12396.0
2017-12-06 08:12:00 UTC,11992211.5481193,4379893.37636138,12389.0
2017-12-06 08:13:00 UTC,12139768.1358142,4527481.77839236,12394.0
2017-12-06 08:14:00 UTC,11884983.9752626,4389481.64111788,12406.5
2017-12-06 08:15:00 UTC,12246751.0054105,4314621.29360588,12418.0
2017-12-06 08:16:00 UTC,12486932.9004424,4487435.56980031,12423.0
2017-12-06 08:17:00 UTC,13419899.8528645,2879686.03927707,12441.0
2017-12-06 08:18:00 UTC,13038145.5139485,3211872.72200046,12432.0
2017-12-06 08:19:00 UTC,13130510.1107647,3389368.8530858,12457.5
2017-12-06 08:20:00 UTC,12588735.3396103,2967104.43778382,12449.25
2017-12-06 08:22:00 UTC,12006242.0048648,3060551.66255952,12443.5
2017-12-06 08:23:00 UTC,12210484.4280592,2890498.89227816,12444.5
2017-12-06 08:24:00 UTC,12430783.4984393,2582426.24207875,12445.0
2017-12-06 08:25:00 UTC,12132997.9597424,2727000.74100893,12444.0
2017-12-06 08:26:00 UTC,13718075.3488967,3031775.52380046,12453.0
2017-12-06 08:27:00 UTC,14017335.6105038,2788627.70710937,12456.5
2017-12-06 08:28:00 UTC,13710136.1584372,2996729.17764547,12456.0
2017-12-06 08:29:00 UTC,14089591.9133374,2904517.7267582,12462.5
2017-12-06 08:30:00 UTC,13826868.3225448,2905776.26644352,12458.5
2017-12-06 08:31:00 UTC,13936173.896234,2961124.20113399,12465.0
2017-12-06 08:32:00 UTC,13961811.9194544,2934799.620733,12467.5
2017-12-06 08:33:00 UTC,14225827.3890393,2957757.71722388,12469.5
2017-12-06 08:34:00 UTC,13906880.0659324,2882388.0762369,12464.5
2017-12-06 08:35:00 UTC,13749614.5534749,3016362.96988721,12463.0
2017-12-06 08:36:00 UTC,10589624.5616738,5626316.03076324,12403.5
2017-12-06 08:38:00 UTC,12574657.8158475,3097468.46409067,12436.5
2017-12-06 08:39:00 UTC,13093195.4180389,2961758.78887987,12446.0
2017-12-06 08:40:00 UTC,12390155.1419092,3077825.2811883,12433.0
2017-12-06 08:42:00 UTC,12629519.2926591,2802494.31132577,12442.5
2017-12-06 08:43:00 UTC,12955386.6736652,3147919.86356527,12444.5
2017-12-06 08:44:00 UTC,12763722.8632264,3094963.35908407,12440.5
2017-12-06 08:45:00 UTC,12416541.8772129,3201511.53758171,12435.5
2017-12-06 08:47:00 UTC,11924272.1161843,4312715.43891738,12425.0
2017-12-06 08:48:00 UTC,12111822.7814868,3849596.26894499,12424.0
2017-12-06 08:49:00 UTC,12140943.1182647,3351362.25120736,12430.5
2017-12-06 08:50:00 UTC,11452761.5191736,4524355.77014743,12414.0
2017-12-06 08:51:00 UTC,11132567.9715581,4727913.11440147,12409.75
2017-12-06 08:52:00 UTC,10428926.1990202,5285263.77961274,12386.5
2017-12-06 08:53:00 UTC,10271017.8923166,4775119.15736683,12382.0
2017-12-06 08:54:00 UTC,4278888.55784906,4929821.13217469,12365.5
2017-12-06 08:55:00 UTC,4152504.66702983,4910304.60129633,12369.5
2017-12-06 08:57:00 UTC,10482178.7574912,5108871.84648344,12385.0
2017-12-06 08:58:00 UTC,10374543.0430232,4864195.67380512,12384.5
2017-12-06 08:59:00 UTC,10893414.2816145,4882771.47224782,12394.5
2017-12-06 09:00:00 UTC,11013714.2255669,4818750.44437006,12399.5
2017-12-06 09:01:00 UTC,11040322.4862379,4844134.7551305,12400.5
2017-12-06 09:03:00 UTC,11848085.0707803,4491204.95318134,12420.5
2017-12-06 09:04:00 UTC,12251501.5852648,3635694.22716553,12430.5
2017-12-06 09:06:00 UTC,12900337.246496,3436371.17246169,12440.5
2017-12-06 09:07:00 UTC,13782531.7875114,2665321.92530353,12455.0
2017-12-06 09:08:00 UTC,13590626.8916335,2904927.33577524,12473.0
2017-12-06 09:09:00 UTC,13827428.3508407,2480608.24195276,12484.5
2017-12-06 09:10:00 UTC,14038169.7609533,2774478.52515141,12479.0
2017-12-06 09:11:00 UTC,13494955.2677282,2919891.98975886,12478.5
2017-12-06 09:12:00 UTC,12680487.0265887,3240075.49394533,12465.0
2017-12-06 09:13:00 UTC,12536974.91781,3115266.54315708,12466.5
2017-12-06 09:14:00 UTC,12682372.9595412,3126595.49179932,12465.5
2017-12-06 09:15:00 UTC,12842719.7217962,3273021.73638068,12473.0
2017-12-06 09:18:00 UTC,13856248.902124,3236334.8687097,12474.5
2017-12-06 09:19:00 UTC,13773374.4944329,3094474.90133489,12478.25
2017-12-06 09:20:00 UTC,13934148.361335,3291770.38727591,12481.5
2017-12-06 09:21:00 UTC,13770115.0623484,3564089.2718356,12483.5
2017-12-06 09:22:00 UTC,13661469.9602546,3581295.02665441,12484.5
2017-12-06 09:23:00 UTC,11918161.8136724,3677198.5242942,12499.5
2017-12-06 09:24:00 UTC,11879719.7496526,3569532.5249786,12499.5
2017-12-06 09:25:00 UTC,12078415.1933313,3391985.16716776,12493.5
2017-12-06 09:26:00 UTC,11960572.9024236,3639169.54856694,12487.5
2017-12-06 09:27:00 UTC,11859262.9462308,3467020.62354996,12490.5
2017-12-06 09:28:00 UTC,12094634.6212601,3494161.19260071,12497.75
2017-12-06 09:29:00 UTC,11644341.5291348,3483259.54830904,12497.0
2017-12-06 09:30:00 UTC,11449344.343118,3557879.75186624,12499.5
2017-12-06 09:32:00 UTC,11692525.4519751,3278601.2378309,12499.0
2017-12-06 09:33:00 UTC,11581349.1705839,3666208.69204958,12499.5
2017-12-06 09:35:00 UTC,11218313.1558919,3810496.5061905,12499.5
2017-12-06 09:36:00 UTC,11032386.675015,3608286.80798219,12499.5
2017-12-06 09:37:00 UTC,11095620.8420771,3357011.15897099,12499.5
2017-12-06 09:38:00 UTC,10962365.3224436,3179580.33863763,12499.5
2017-12-06 09:39:00 UTC,9334056.89317073,3152461.35770407,12458.5
2017-12-06 09:40:00 UTC,8342246.25781204,3730059.17421646,12443.0
2017-12-06 09:41:00 UTC,8841195.00708417,4103403.08011048,12451.0
2017-12-06 09:42:00 UTC,9119516.19815642,3723392.79532736,12454.0
2017-12-06 09:43:00 UTC,11111703.0426669,3266840.68546533,12475.5
2017-12-06 09:44:00 UTC,10636918.3543374,3167706.66860086,12469.0
2017-12-06 09:45:00 UTC,10119415.5085937,2938598.00377109,12466.5
2017-12-06 09:46:00 UTC,9976603.83216557,3302850.88270894,12466.5
2017-12-06 09:47:00 UTC,10907588.1029236,3178779.67139997,12471.5
2017-12-06 09:48:00 UTC,11422712.1797527,3228669.94804069,12482.5
2017-12-06 09:49:00 UTC,10705844.8684349,4863017.75155725,12499.5
2017-12-06 09:50:00 UTC,8338305.74069054,4897463.15462953,12510.0
2017-12-06 09:51:00 UTC,8126499.58272251,4617298.70132975,12516.5
2017-12-06 09:52:00 UTC,7763158.57797574,4676640.89740743,12519.0
2017-12-06 09:53:00 UTC,8201930.85662811,2740598.36053934,12513.5
2017-12-06 09:55:00 UTC,8122398.05600236,2552855.76031796,12531.0
2017-12-06 09:56:00 UTC,6976191.48019684,2963545.97323889,12516.5
2017-12-06 09:57:00 UTC,8222351.69684444,2492515.20730543,12534.5
2017-12-06 09:59:00 UTC,6930917.12307319,2868860.06364262,12490.25
2017-12-06 10:01:00 UTC,7049741.87885282,2758637.53449197,12498.5
2017-12-06 10:02:00 UTC,7247794.51790006,2813648.09713344,12514.5
2017-12-06 10:03:00 UTC,7042508.02571161,2738222.73053086,12502.5
2017-12-06 10:04:00 UTC,7214137.31725659,3032741.95815584,12501.0
2017-12-06 10:05:00 UTC,7457424.54903405,2709805.19670968,12511.5
2017-12-06 10:06:00 UTC,7352169.00412055,2839183.38311685,12511.5
2017-12-06 10:08:00 UTC,8186581.14670591,2787230.97992857,12531.5
2017-12-06 10:09:00 UTC,6901709.88553724,3029975.07154117,12487.5
2017-12-06 10:10:00 UTC,8337132.94177571,2999895.46421375,12536.5
2017-12-06 10:11:00 UTC,7764011.76589481,4280960.44758068,12549.5
2017-12-06 10:12:00 UTC,7314473.89597206,2628268.25733316,12549.0
2017-12-06 10:13:00 UTC,7067741.98894881,2753480.6780944,12550.0
2017-12-06 10:14:00 UTC,6843386.64152448,4109869.03729143,12560.5
2017-12-06 10:16:00 UTC,7007001.2488273,3659372.53257369,12573.5
2017-12-06 10:18:00 UTC,6838010.92265725,2330540.95431455,12579.5
2017-12-06 10:19:00 UTC,6841493.19852111,2287601.16595923,12585.5
2017-12-06 10:21:00 UTC,6658923.54633666,2342914.81651485,12597.0
2017-12-06 10:22:00 UTC,6535763.48781442,2328759.23362642,12599.5
2017-12-06 10:23:00 UTC,6184987.26860645,2862859.85551687,12608.0
2017-12-06 10:25:00 UTC,5910611.3106238,2799871.25543198,12594.5
2017-12-06 10:26:00 UTC,5615001.93648834,2949052.32394709,12608.5
2017-12-06 10:27:00 UTC,5422305.17095514,3019677.07488732,12608.5
2017-12-06 10:28:00 UTC,7525965.77139541,3155773.93471618,12629.5
2017-12-06 10:29:00 UTC,7380214.73559404,2719541.90407553,12637.5
2017-12-06 10:30:00 UTC,7573282.1673961,2605129.83424545,12639.5
2017-12-06 10:32:00 UTC,8138785.27417112,2873037.7747704,12676.0
2017-12-06 10:34:00 UTC,7638702.38646873,2369765.1990151,12693.5
2017-12-06 10:37:00 UTC,7872371.06928018,2176729.28937928,12661.0
2017-12-06 10:38:00 UTC,7636612.4956709,2251798.38926612,12658.5
2017-12-06 10:41:00 UTC,8636456.67153947,2848855.35564006,12679.5
2017-12-06 10:42:00 UTC,9032635.83604898,2188334.03632064,12691.0
2017-12-06 10:44:00 UTC,8053253.70518413,2652425.7388815,12683.0
2017-12-06 10:45:00 UTC,7176469.82121095,2377766.11797938,12670.5
2017-12-06 10:46:00 UTC,7374772.09087103,2273107.42087446,12675.0
2017-12-06 10:47:00 UTC,6608265.91468963,2735858.44636313,12673.5
2017-12-06 10:48:00 UTC,6639483.32185792,2641996.75013318,12679.5
2017-12-06 10:50:00 UTC,6334170.83835321,3420083.026365,12704.5
2017-12-06 10:51:00 UTC,6690961.40835709,2876168.97272279,12715.5
2017-12-06 10:52:00 UTC,6388586.18516811,3531899.14571962,12727.0
2017-12-06 10:53:00 UTC,5828597.74468076,3769473.3586478,12744.5
2017-12-06 10:54:00 UTC,5427852.53675721,4170538.07202736,12749.5
2017-12-06 10:55:00 UTC,4420551.00227366,3889850.87682486,12749.5
2017-12-06 10:56:00 UTC,7365502.26070627,4139695.7917437,12777.5
2017-12-06 10:58:00 UTC,8445689.03113788,4219941.21596785,12794.5
2017-12-06 11:01:00 UTC,8719715.185488,5531802.66787716,12809.5
2017-12-06 11:02:00 UTC,8857732.9475024,5578423.21575768,12817.0
2017-12-06 11:03:00 UTC,9238138.61534463,5305372.98092869,12807.5
2017-12-06 11:04:00 UTC,9495506.50647382,5017497.00794611,12814.5
2017-12-06 11:05:00 UTC,9577830.41638452,5125394.42839105,12802.5
2017-12-06 11:06:00 UTC,9496892.68852133,3319517.74992118,12776.5
2017-12-06 11:08:00 UTC,2138690.51969164,2337066.85580421,12326.5
2017-12-06 11:09:00 UTC,2030187.01117657,3306703.12134277,12312.0
2017-12-06 11:10:00 UTC,1813290.6994234,2224900.82282242,12352.0
2017-12-06 11:13:00 UTC,3615474.57437115,5101153.36831825,12478.0
2017-12-06 11:14:00 UTC,2630327.19592259,4011737.23088153,12516.0
2017-12-06 11:15:00 UTC,2708573.03915108,3089825.34630879,12590.0
2017-12-06 11:17:00 UTC,2513837.48380339,2091803.60455587,12588.5
2017-12-06 11:18:00 UTC,2500489.69718137,1559142.75759094,12556.0
2017-12-06 11:19:00 UTC,2272574.80425017,1761171.67332139,12518.0
2017-12-06 11:21:00 UTC,1559571.99866024,2625992.70402266,12499.0
2017-12-06 11:22:00 UTC,2590830.24534733,1517181.54690281,12549.5
2017-12-06 11:23:00 UTC,2562676.99138838,1509335.81532691,12560.0
2017-12-06 11:24:00 UTC,2238060.11263319,1664067.03330355,12537.75
2017-12-06 11:26:00 UTC,2670530.20087097,2008994.02959139,12555.0
2017-12-06 11:28:00 UTC,2579289.09696964,2101410.92609106,12553.0
2017-12-06 11:29:00 UTC,2545883.1324741,2283324.45189043,12563.5
2017-12-06 11:30:00 UTC,2773259.0188047,1982795.03701272,12579.5
2017-12-06 11:31:00 UTC,2855881.25129832,2415508.62470318,12593.0
2017-12-06 11:34:00 UTC,5130168.13769198,3020412.17766309,12624.75
2017-12-06 11:36:00 UTC,6087234.8966432,2828968.1132452,12639.5
2017-12-06 11:37:00 UTC,6475472.17930913,2928895.13660328,12639.5
2017-12-06 11:38:00 UTC,6305240.79367537,3052860.31725789,12638.5
2017-12-06 11:39:00 UTC,7632821.07422885,3003945.8733228,12658.5
2017-12-06 11:40:00 UTC,7734628.59762164,2725546.89165856,12670.5
2017-12-06 11:42:00 UTC,8828911.52738138,2786423.23676139,12666.0
2017-12-06 11:44:00 UTC,7656325.516476,1926078.772102,12635.5
2017-12-06 11:45:00 UTC,7381788.75924786,2278776.28966633,12640.5
2017-12-06 11:46:00 UTC,8168179.40126717,2804804.18798251,12652.0
2017-12-06 11:47:00 UTC,7707515.68950764,2823608.77629077,12652.0
2017-12-06 11:48:00 UTC,8138811.99186175,2414233.62659128,12650.5
2017-12-06 11:49:00 UTC,8063473.64406148,2469760.24520136,12649.5
2017-12-06 11:50:00 UTC,8150626.64206778,2277151.86642423,12654.5
2017-12-06 11:51:00 UTC,7769431.86233583,2298653.27735908,12660.5
2017-12-06 11:53:00 UTC,6875322.80441207,2246945.62556271,12643.0
2017-12-06 11:54:00 UTC,7018786.42208956,2188131.38895431,12644.0
2017-12-06 11:55:00 UTC,4832145.66355904,2276053.43014736,12618.5
2017-12-06 11:56:00 UTC,2739632.65498272,2189728.171209,12593.0
2017-12-06 11:57:00 UTC,2259392.64544307,2794830.86248773,12526.5
2017-12-06 11:58:00 UTC,2463307.95499638,1837891.75489118,12559.5
2017-12-06 12:00:00 UTC,2757183.98453605,2095547.76911234,12562.5
2017-12-06 12:01:00 UTC,2782655.89030927,2100961.79375986,12568.75
2017-12-06 12:02:00 UTC,2779263.60297786,2097691.09265054,12585.5
2017-12-06 12:04:00 UTC,2734572.72229353,2091528.31112565,12578.5
2017-12-06 12:05:00 UTC,3029159.25105494,2199588.01358985,12589.5
2017-12-06 12:07:00 UTC,3192411.0105341,1787661.89023625,12583.0
2017-12-06 12:08:00 UTC,2654630.35236928,1638899.43673782,12578.0
2017-12-06 12:09:00 UTC,2971117.76629971,1642697.05651486,12575.0
2017-12-06 12:10:00 UTC,2740272.40461362,1712768.49819163,12564.25
2017-12-06 12:11:00 UTC,3081201.89340901,1825229.38450879,12575.0
2017-12-06 12:12:00 UTC,2854665.35152691,1690911.21129739,12584.5
2017-12-06 12:15:00 UTC,7152661.40898402,2044132.93772353,12625.0
2017-12-06 12:16:00 UTC,7307687.03882572,2293452.87429034,12628.5
2017-12-06 12:18:00 UTC,7465979.36128098,2264035.68114415,12635.5
2017-12-06 12:21:00 UTC,6887676.23119189,2376475.63215872,12645.5
2017-12-06 12:23:00 UTC,8167156.0416414,2432793.82047964,12647.5
2017-12-06 12:25:00 UTC,8175511.61799062,2353234.53719263,12649.0
2017-12-06 12:26:00 UTC,8163070.45548992,2423411.44661895,12650.5
2017-12-06 12:27:00 UTC,7409230.1471052,2331206.86150737,12635.5
2017-12-06 12:28:00 UTC,7353619.89199377,2180099.83404511,12631.5
2017-12-06 12:30:00 UTC,4806633.17552044,2198129.2605516,12622.5
2017-12-06 12:31:00 UTC,3910434.96724673,2016392.39113749,12609.25
2017-12-06 12:32:00 UTC,2475680.095235,1997951.87161814,12598.5
2017-12-06 12:33:00 UTC,4707535.82526317,1968010.47386661,12619.0
2017-12-06 12:34:00 UTC,6929810.76915853,2184841.67519315,12626.5
2017-12-06 12:35:00 UTC,6971505.06836755,2103728.73445121,12625.5
2017-12-06 12:36:00 UTC,7661827.37138253,2076327.01929692,12635.5
2017-12-06 12:38:00 UTC,3281621.29094512,2246468.01172459,12606.0
2017-12-06 12:39:00 UTC,3147873.23410198,2095842.6491023,12599.5
2017-12-06 12:40:00 UTC,7842611.1131457,2102123.44043288,12648.0
2017-12-06 12:41:00 UTC,7655649.65602849,2683472.2393571,12650.5
2017-12-06 12:42:00 UTC,7757185.03458292,2764774.33007187,12649.5
2017-12-06 12:43:00 UTC,8710448.83185217,2280777.67727536,12682.0
2017-12-06 12:44:00 UTC,8293283.58578775,2450528.23179062,12679.5
2017-12-06 12:46:00 UTC,7443172.79924582,2936438.78002875,12665.5
2017-12-06 12:47:00 UTC,7436266.87752053,3372298.66735432,12660.5
2017-12-06 12:48:00 UTC,8703210.9708936,2778360.71883616,12675.0
2017-12-06 12:49:00 UTC,7927288.34710838,2613401.60254535,12668.5
2017-12-06 12:50:00 UTC,6968970.78302909,3038441.04420676,12633.5
2017-12-06 12:51:00 UTC,6801542.02256138,3081402.56259856,12630.5
2017-12-06 12:52:00 UTC,6756173.27221413,2936897.8071253,12641.0
2017-12-06 12:54:00 UTC,7572047.09999416,2756569.08622653,12652.0
2017-12-06 12:55:00 UTC,7520683.15827121,2652131.43979262,12662.5
2017-12-06 12:56:00 UTC,7312501.36703938,2419612.87853478,12664.5
2017-12-06 12:57:00 UTC,7552282.77145453,2777387.30902004,12651.0
2017-12-06 12:58:00 UTC,7547574.48281428,2961933.9597812,12653.5
2017-12-06 12:59:00 UTC,7493972.98916205,2792765.13184839,12657.5
2017-12-06 13:00:00 UTC,8307907.78527851,2858221.38229834,12673.5
2017-12-06 13:01:00 UTC,9072557.71089328,2366491.32558533,12680.5
2017-12-06 13:03:00 UTC,8245742.47321647,2730972.13128662,12676.5
2017-12-06 13:04:00 UTC,12954695.8037545,2453364.94992295,12701.5
2017-12-06 13:05:00 UTC,13025328.1181641,2459145.49172527,12704.5
2017-12-06 13:07:00 UTC,12928676.4116644,2423980.75040552,12699.5
2017-12-06 13:08:00 UTC,8353950.87754557,2419055.79270913,12687.75
2017-12-06 13:10:00 UTC,14573184.0998451,2408218.97516923,12717.5
2017-12-06 13:11:00 UTC,15215154.7360631,2362830.51079188,12725.0
2017-12-06 13:13:00 UTC,14717276.1093916,2445596.45097143,12733.5
2017-12-06 13:14:00 UTC,14847152.4627397,2719960.50487692,12732.5
2017-12-06 13:15:00 UTC,14729723.5090668,2547852.04530921,12729.5
2017-12-06 13:16:00 UTC,14379293.7673231,2761104.73422551,12719.5
2017-12-06 13:17:00 UTC,15136735.2225959,2343329.25560746,12728.5
2017-12-06 13:18:00 UTC,15134091.5460805,2425867.3075708,12726.5
2017-12-06 13:19:00 UTC,14719182.0901856,2433807.78870993,12716.5
2017-12-06 13:20:00 UTC,13916783.9573433,2347430.62518859,12699.5
2017-12-06 13:21:00 UTC,7601563.81413877,2900027.06904461,12668.5
2017-12-06 13:22:00 UTC,7025917.59145071,3022994.34506106,12643.5
2017-12-06 13:23:00 UTC,7150723.67293926,3470469.41411437,12631.0
2017-12-06 13:24:00 UTC,7760491.84669155,3529228.53248707,12645.0
2017-12-06 13:25:00 UTC,7808345.74791814,3285684.85967289,12647.5
2017-12-06 13:26:00 UTC,7951105.68500984,3238658.97886798,12652.5
2017-12-06 13:27:00 UTC,7849344.57323883,3370634.31892021,12657.5
2017-12-06 13:29:00 UTC,7861832.14873513,3490718.62160265,12658.5
2017-12-06 13:30:00 UTC,7148582.72564544,3588166.30388995,12647.5
2017-12-06 13:31:00 UTC,8788817.85508862,4028558.56898704,12649.5
2017-12-06 13:32:00 UTC,8358595.57919319,3437799.65329485,12653.5
2017-12-06 13:34:00 UTC,8528687.02933492,3141208.84858326,12656.5
2017-12-06 13:35:00 UTC,8602701.31394195,3072859.68886794,12646.5
2017-12-06 13:36:00 UTC,5109456.21895476,4708231.83612974,12611.5
2017-12-06 13:37:00 UTC,4529841.34964794,4747264.92448345,12600.5
2017-12-06 13:38:00 UTC,4449259.64400489,4866878.46338667,12550.5
2017-12-06 13:39:00 UTC,3336890.25486005,6067050.07645816,12498.5
2017-12-06 13:40:00 UTC,3301183.99992916,5905079.27308707,12498.0
2017-12-06 13:41:00 UTC,3813732.02454553,4959723.29753881,12523.5
2017-12-06 13:42:00 UTC,4256625.51586075,4635423.43898053,12536.5
2017-12-06 13:43:00 UTC,4986881.98061278,4575527.08122125,12554.5
2017-12-06 13:44:00 UTC,4424658.5512585,3711531.76595841,12563.25
2017-12-06 13:45:00 UTC,3488883.56020753,2850752.45820473,12566.5
2017-12-06 13:46:00 UTC,3112807.70339995,2942145.79362781,12560.5
2017-12-06 13:47:00 UTC,3177096.35752708,2619001.29486066,12567.5
2017-12-06 13:48:00 UTC,3756475.44211111,3762129.48731623,12557.5
2017-12-06 13:49:00 UTC,3104794.59842614,2980664.03689125,12551.5
2017-12-06 13:50:00 UTC,3189755.30770438,3640791.69888618,12562.5
2017-12-06 13:51:00 UTC,3119689.446856,3578949.06494248,12566.5
2017-12-06 13:52:00 UTC,2682864.3199131,3618624.14256609,12567.0
2017-12-06 13:53:00 UTC,2456343.23243469,3337229.98688415,12572.5
2017-12-06 13:54:00 UTC,3094425.03617569,2435451.96923139,12599.5
2017-12-06 13:55:00 UTC,2926547.56290146,3949445.69525909,12585.0
2017-12-06 13:56:00 UTC,3389449.52784815,4644939.79744084,12582.5
2017-12-06 13:57:00 UTC,3446662.9668238,4357893.93468582,12588.5
2017-12-06 13:58:00 UTC,2611116.02739562,5529111.34578265,12588.5
2017-12-06 13:59:00 UTC,2831812.2881329,3217916.46829413,12597.0
2017-12-06 14:00:00 UTC,4227469.3461563,2546768.50368733,12615.75
2017-12-06 14:01:00 UTC,4124820.04398674,2384423.14577644,12618.0
2017-12-06 14:02:00 UTC,4443317.76103439,1777479.27169659,12618.5
2017-12-06 14:03:00 UTC,4219049.00758476,1905017.57978515,12619.5
2017-12-06 14:04:00 UTC,6593978.44454216,1921250.49610353,12623.5
2017-12-06 14:05:00 UTC,6528300.01079536,1908988.53865108,12623.5
2017-12-06 14:06:00 UTC,6240432.77766451,1615226.92605067,12624.5
2017-12-06 14:07:00 UTC,6130016.91032147,1939014.32259227,12624.5
2017-12-06 14:08:00 UTC,5700800.34368008,1692050.04238342,12626.5
2017-12-06 14:09:00 UTC,6575177.20443968,1379188.91852159,12649.5
2017-12-06 14:10:00 UTC,6203383.62235865,1464171.21751755,12661.0
2017-12-06 14:11:00 UTC,6358319.8826283,1569891.5193447,12668.5
2017-12-06 14:12:00 UTC,6141569.17640964,1671710.8423939,12671.5
2017-12-06 14:13:00 UTC,7415698.82589198,1136205.65067572,12686.5
2017-12-06 14:14:00 UTC,7744627.90239681,1444768.96962142,12688.0
2017-12-06 14:15:00 UTC,7643116.79449943,1265263.50652287,12685.5
2017-12-06 14:17:00 UTC,12450365.0202282,1469878.56637633,12702.5
2017-12-06 14:18:00 UTC,11964000.2905985,1227531.38981896,12696.0
2017-12-06 14:19:00 UTC,7833893.83383289,1050853.89660228,12687.0
2017-12-06 14:20:00 UTC,7852907.03884971,1546020.48417728,12677.0
2017-12-06 14:21:00 UTC,8528432.47312951,2520914.80887681,12653.5
2017-12-06 14:23:00 UTC,8559464.91676697,2432451.1828307,12659.5
2017-12-06 14:24:00 UTC,8536801.53294042,2610820.63802276,12666.25
2017-12-06 14:25:00 UTC,9077217.394836,2641366.79095558,12668.5
2017-12-06 14:26:00 UTC,8853159.65581626,2653248.3673091,12670.0
2017-12-06 14:27:00 UTC,9939486.95862801,2851088.50642965,12673.5
2017-12-06 14:28:00 UTC,8967038.34169145,2505082.73217831,12686.0
2017-12-06 14:29:00 UTC,13236130.138901,2755171.20439052,12698.0
2017-12-06 14:30:00 UTC,14038338.9023072,2637539.02835553,12718.5
2017-12-06 14:31:00 UTC,13835108.3483883,2570860.42916663,12712.5
2017-12-06 14:33:00 UTC,11541704.5665429,1169223.27514411,12721.75
2017-12-06 14:34:00 UTC,8993786.47497582,1221969.3071157,12716.5
2017-12-06 14:35:00 UTC,10114795.6939177,1197737.30076174,12722.5
2017-12-06 14:40:00 UTC,9313384.49754319,1267870.53907092,12718.0
2017-12-06 14:42:00 UTC,8724208.60576577,1098638.70503687,12717.5
2017-12-06 14:43:00 UTC,9766466.9282752,1342239.42281467,12724.0
2017-12-06 14:44:00 UTC,10906414.2213195,2217265.24593783,12724.5
2017-12-06 14:45:00 UTC,10377087.1206031,2356812.95940147,12724.5
2017-12-06 14:46:00 UTC,10295078.5897407,2456901.0597063,12726.0
2017-12-06 14:47:00 UTC,8549843.6715646,2404824.11219166,12709.5
2017-12-06 14:48:00 UTC,10953993.9520979,2412746.59485048,12727.5
