{
    "pairlists": [
        {
            "method": "VolumePairList",
            "number_assets": 200,
            "sort_key": "quoteVolume",
            "refresh_period": 1800
        },
        {
            "method": "AgeFilter",
            "min_days_listed": 200
        },
        {
            "method": "PriceFilter",
            "low_price_ratio": 0.10
        },
        {
            "method": "ShuffleFilter"
        },
        {
            "method": "SpreadFilter",
            "max_spread_ratio": 0.005
        },
        {
            "method": "RangeStabilityFilter",
            "lookback_days": 10,
            "min_rate_of_change": 0.01,
            "refresh_period": 1440
        },
        {
            "method": "VolatilityFilter",
            "lookback_days": 5,
            "min_volatility": 0.05,
            "max_volatility": 0.50,
            "refresh_period": 1440
        },
        {
            "method": "VolumePairList",
            "number_assets": 15,
            "sort_key": "quoteVolume"
        }
    ],
    "exchange": {
        "name": "binance",
        "pair_blacklist": [
            ".*USD.*/.*",
            ".*BULL.*/.*",
            ".*BEAR.*/.*",
            ".*UP.*/.*",
            ".*DOWN.*/.*",
            ".*HEDGE.*/.*",
            ".*PREMIUM.*/.*",
            ".*PERP.*/.*",
            ".*/BNB",
            "BNB/.*",
            "EPS/.*",
            "EUR/.*",
            "GBP/.*"
        ],
        "ccxt_config": {
            "enableRateLimit": true
        },
        "ccxt_async_config": {
            "enableRateLimit": true
        }
    }
}
