
{
    "max_open_trades": 10,
    "stake_currency": "USDT",
    "stake_amount": 20,
    "tradable_balance_ratio": 0.99,
    "fiat_display_currency": "USD",
    "dry_run": true,
    "cancel_open_orders_on_exit": true,
    "trading_mode": "futures",
    "margin_mode": "isolated",
    "unfilledtimeout": {
        "entry": 60,
        "exit": 60,
        "exit_timeout_count": 60,
        "unit": "minutes"
    },
    "entry_pricing": {
        "price_side": "other",
        "use_order_book": true,
        "order_book_top": 10,
        "price_last_balance": 0.0,
        "check_depth_of_market": {
            "enabled": true,
            "bids_to_ask_delta": 10
        }
    },
    "exit_pricing":{
	"price_side": "other",
        "use_order_book": true,
        "order_book_top": 10
    },
    "exchange": {
        "name": "binance",
        "key": "",
        "secret": "",
        "ccxt_config": {"enableRateLimit": true},
        "ccxt_async_config": {
		"enableRateLimit": true,
		"rateLimit": 100
	},
        "pair_whitelist": ["ETH/USDT", "BTC/USDT", "ADA/USDT", "XRP/USDT", "DOGE/USDT", "BNB/USDT"
        ],
        "pair_blacklist": [
            ""
        ]
    },
    "pairlists": [
        {
            "method": "StaticPairList",
            "number_assets": 20,
            "sort_key": "quoteVolume",
            "min_value": 0,
            "refresh_period": 1800
        }
    ],
    "edge": {
        "enabled": false,
        "process_throttle_secs": 3600,
        "calculate_since_number_of_days": 7,
        "allowed_risk": 0.01,
        "stoploss_range_min": -0.01,
        "stoploss_range_max": -0.1,
        "stoploss_range_step": -0.01,
        "minimum_winrate": 0.60,
        "minimum_expectancy": 0.20,
        "min_trade_number": 10,
        "max_trade_duration_minute": 1440,
        "remove_pumps": false
    },
    "telegram": {
        "enabled": false,
        "token": "",
        "chat_id": ""
    },
    "api_server": {
        "enabled": true,
        "listen_ip_address": "127.0.0.1",
        "listen_port": 8081,
        "verbosity": "error",
        "enable_openapi": false,
        "jwt_secret_key": "1c7c77adc68a1cdbee7f3072cb5f03409fe0b3abee953d84912ee8b0862fe080",
        "CORS_origins": [],
        "username": "freqtrader",
        "password": "freqtrader"
    },
    "bot_name": "freqtrade",
    "initial_state": "running",
    "forcebuy_enable": false,
    "internals": {
        "process_throttle_secs": 2
    }
}
