{
    "max_open_trades": 10,
    "stake_currency": "USDT",
    "stake_amount": "unlimited",
    "tradable_balance_ratio": 0.99,
    "fiat_display_currency": "USD",
    "dry_run": true,
    "dry_run_wallet": 10000,
    "cancel_open_orders_on_exit": false,
    "trading_mode": "futures",
    "margin_mode": "isolated",
    "unfilledtimeout": {
        "entry": 3,
        "exit": 3,
        "exit_timeout_count": 3,
        "unit": "minutes"
    },
    "order_types": {
        "entry": "limit",
        "exit": "market",
        "emergency_exit": "market",
        "force_entry": "market",
        "force_exit": "market",
        "stoploss": "market",
        "stoploss_on_exchange": false,
        "stoploss_on_exchange_interval": 60
    },
    "entry_pricing": {
        "price_side": "same",
        "use_order_book": true,
        "order_book_top": 1,
        "price_last_balance": 0.0,
        "check_depth_of_market": {
            "enabled": false,
            "bids_to_ask_delta": 1
        }
    },
    "exit_pricing":{
        "price_side": "other",
        "use_order_book": true,
        "order_book_top": 1
    },
    "pairlists": [
        {
            "method": "VolumePairList",
            "number_assets": 30,
            "sort_key": "quoteVolume",
            "refresh_period": 1800
        }
    ],
    "freqai": {
        "enabled": false,
        "purge_old_models": true,
        "train_period_days": 30,
        "backtest_period_days": 7,
        "identifier" : "unique-id",
        "feature_parameters" : {
            "include_timeframes": ["5m","15m","4h"],
            "include_corr_pairlist": [
                "ETH/USDT",
                "BTC/USDT"
            ],
            "label_period_candles": 24,
            "include_shifted_candles": 2,
            "indicator_periods_candles": [10, 20]
        },
        "data_split_parameters" : {
            "test_size": 0.25
        },
        "model_training_parameters" : {
            "n_estimators": 100
        },
    },
    "edge": {
        "enabled": false,
        "process_throttle_secs": 3600,
        "calculate_since_number_of_days": 7,
        "allowed_risk": 0.01,
        "stoploss_range_min": -0.01,
        "stoploss_range_max": -0.1,
        "stoploss_range_step": -0.01,
        "minimum_winrate": 0.60,
        "minimum_expectancy": 0.10,
        "min_trade_number": 10,
        "max_trade_duration_minute": 1440,
        "remove_pumps": false
    },
    "internals": {
        "process_throttle_secs": 2
    }
}
