{
    "pairlists": [
		{
			"method": "VolumePairList",
			"number_assets": 80,
			"sort_key": "quoteVolume",
			"refresh_period": 1800
		},
		{"method": "AgeFilter", "min_days_listed": 14},
		{"method": "PriceFilter", "min_price": 0.00000100},
		{"method": "SpreadFilter", "max_spread_ratio": 0.006},
		{
			"method": "RangeStabilityFilter",
			"lookback_days": 3,
			"min_rate_of_change": 0.05,
			"refresh_period": 1800
		},
		{
			"method": "VolatilityFilter",
			"lookback_days": 3,
			"min_volatility": 0.02,
			"max_volatility": 0.75,
			"refresh_period": 43200
		},
		{"method": "ShuffleFilter"}
    ]
}
